product,date_sent_to_company,issue,sub_product,zip_code,tags,complaint_id,timely,company_response,submitted_via,company,date_received,state,company_public_response,sub_issue
Credit reporting or other personal consumer reports,2026-09-01T00:05:04.000Z,Incorrect information on your report,Credit reporting,76063,,26188047,Yes,Closed with explanation,Web,"EQUIFAX, INC.",2026-08-31T23:59:58.000Z,TX,,Information belongs to someone else
Credit reporting or other personal consumer reports,2026-09-01T00:02:22.000Z,Incorrect information on your report,Credit reporting,90201,,26187281,Yes,In progress,Web,"TRANSUNION INTERMEDIATE HOLDINGS, INC.",2026-08-31T23:59:58.000Z,CA,,Information belongs to someone else
Credit reporting or other personal consumer reports,2026-09-01T00:05:02.000Z,Incorrect information on your report,Credit reporting,92592,,26188039,Yes,Closed with explanation,Web,"EQUIFAX, INC.",2026-08-31T23:59:48.000Z,CA,,Information belongs to someone else
Credit reporting or other personal consumer reports,2026-09-01T00:05:21.000Z,Incorrect information on your report,Credit reporting,78572,,26188068,Yes,In progress,Web,"TRANSUNION INTERMEDIATE HOLDINGS, INC.",2026-08-31T23:59:43.000Z,TX,,Information belongs to someone else
Credit reporting or other personal consumer reports,2026-09-01T00:06:47.000Z,Problem with a company's investigation into an existing problem,Credit reporting,20002,,26188107,Yes,In progress,Web,Experian Information Solutions Inc.,2026-08-31T23:59:42.000Z,DC,,Investigation took more than 30 days
Credit reporting or other personal consumer reports,2026-09-01T00:05:25.000Z,Incorrect information on your report,Credit reporting,78572,,26188067,Yes,In progress,Web,"EQUIFAX, INC.",2026-08-31T23:59:42.000Z,TX,,Information belongs to someone else
Credit reporting or other personal consumer reports,2026-09-01T00:05:23.000Z,Incorrect information on your report,Credit reporting,78572,,26188061,Yes,In progress,Web,"TRANSUNION INTERMEDIATE HOLDINGS, INC.",2026-08-31T23:59:41.000Z,TX,,Account status incorrect
Credit reporting or other personal consumer reports,2026-09-01T00:05:15.000Z,Incorrect information on your report,Credit reporting,78572,,26188057,Yes,In progress,Web,"EQUIFAX, INC.",2026-08-31T23:59:40.000Z,TX,,Account status incorrect
Credit reporting or other personal consumer reports,2026-09-01T00:04:19.000Z,Incorrect information on your report,Credit reporting,78572,,26187816,Yes,In progress,Web,Experian Information Solutions Inc.,2026-08-31T23:59:39.000Z,TX,,Account information incorrect
Debt collection,2026-09-01T00:11:12.000Z,Took or threatened to take negative or legal action,I do not know,33311,,26188237,Yes,Closed with explanation,Web,TekCollect Inc.,2026-08-31T23:59:38.000Z,FL,Company believes the complaint provided an opportunity to answer consumer's questions,Threatened or suggested your credit would be damaged
Debt collection,2026-09-01T00:04:09.000Z,Attempts to collect debt not owed,Other debt,19802,,26187813,Yes,Closed with explanation,Web,"Affirm Holdings, Inc",2026-08-31T23:59:35.000Z,DE,,Debt was paid
Credit reporting or other personal consumer reports,2026-09-01T00:18:45.000Z,Incorrect information on your report,Credit reporting,20010,,26188488,Yes,In progress,Web,Experian Information Solutions Inc.,2026-08-31T23:59:32.000Z,DC,,Information belongs to someone else
Credit reporting or other personal consumer reports,2026-08-31T23:59:55.000Z,Incorrect information on your report,Credit reporting,27704,,26187192,Yes,Closed with non-monetary relief,Web,"EQUIFAX, INC.",2026-08-31T23:59:31.000Z,NC,,Information belongs to someone else
Credit reporting or other personal consumer reports,2026-08-31T23:59:55.000Z,Incorrect information on your report,Credit reporting,27704,,26187191,Yes,In progress,Web,Experian Information Solutions Inc.,2026-08-31T23:59:31.000Z,NC,,Information belongs to someone else
Credit reporting or other personal consumer reports,2026-09-01T00:01:14.000Z,Problem with a company's investigation into an existing problem,Credit reporting,34120,,26187250,Yes,In progress,Web,Experian Information Solutions Inc.,2026-08-31T23:59:19.000Z,FL,,Investigation took more than 30 days
Credit reporting or other personal consumer reports,2026-09-01T00:02:46.000Z,Incorrect information on your report,Credit reporting,32726,,26187294,Yes,In progress,Web,Experian Information Solutions Inc.,2026-08-31T23:59:09.000Z,FL,,Information belongs to someone else
Credit reporting or other personal consumer reports,2026-09-01T00:03:46.000Z,Improper use of your report,Credit reporting,92555,,26187614,Yes,In progress,Web,"EQUIFAX, INC.",2026-08-31T23:59:07.000Z,CA,,Reporting company used your report improperly
Credit reporting or other personal consumer reports,2026-09-01T01:20:50.000Z,Problem with a company's investigation into an existing issue,Other personal consumer report,91344,,26192112,Yes,Closed with explanation,Web,"Fidelity National Information Services, Inc. (FNIS)",2026-08-31T23:59:04.000Z,CA,Company has responded to the consumer and the CFPB and chooses not to provide a public response,Problem with personal statement of dispute
Credit reporting or other personal consumer reports,2026-09-01T00:05:11.000Z,Incorrect information on your report,Credit reporting,33162,,26188050,Yes,Closed with explanation,Web,"EQUIFAX, INC.",2026-08-31T23:59:04.000Z,FL,,Information belongs to someone else
Credit reporting or other personal consumer reports,2026-09-01T00:16:38.000Z,Problem with a company's investigation into an existing problem,Credit reporting,13057,,26188425,Yes,In progress,Web,"TRANSUNION INTERMEDIATE HOLDINGS, INC.",2026-08-31T23:58:56.000Z,NY,,Their investigation did not fix an error on your report
Credit reporting or other personal consumer reports,2026-08-31T23:59:18.000Z,Incorrect information on your report,Credit reporting,75189,,26187159,Yes,In progress,Web,"EQUIFAX, INC.",2026-08-31T23:58:55.000Z,TX,,Account information incorrect
Credit reporting or other personal consumer reports,2026-09-01T00:02:25.000Z,Problem with a company's investigation into an existing problem,Credit reporting,30004,,26187282,Yes,Closed with explanation,Web,"TRANSUNION INTERMEDIATE HOLDINGS, INC.",2026-08-31T23:58:54.000Z,GA,Company has responded to the consumer and the CFPB and chooses not to provide a public response,Investigation took more than 30 days
Credit reporting or other personal consumer reports,2026-09-01T00:01:11.000Z,Problem with a company's investigation into an existing problem,Credit reporting,90062,,26187248,Yes,Closed with explanation,Web,"TRANSUNION INTERMEDIATE HOLDINGS, INC.",2026-08-31T23:58:54.000Z,CA,Company has responded to the consumer and the CFPB and chooses not to provide a public response,Investigation took more than 30 days
Checking or savings account,2026-09-01T00:23:08.000Z,Managing an account,Checking account,95616,,26188711,Yes,Closed with explanation,Web,JPMORGAN CHASE & CO.,2026-08-31T23:58:45.000Z,CA,,Deposits and withdrawals
Credit reporting or other personal consumer reports,2026-09-01T00:02:24.000Z,Incorrect information on your report,Credit reporting,00771,,26187283,Yes,In progress,Web,"EQUIFAX, INC.",2026-08-31T23:58:42.000Z,PR,,Account information incorrect
Credit reporting or other personal consumer reports,2026-09-01T00:14:26.000Z,Improper use of your report,Credit reporting,23009,,26188368,Yes,In progress,Web,"EQUIFAX, INC.",2026-08-31T23:58:40.000Z,VA,,Reporting company used your report improperly
Credit reporting or other personal consumer reports,2026-09-01T00:01:02.000Z,Incorrect information on your report,Credit reporting,30331,,26187241,Yes,Closed with explanation,Web,"TRANSUNION INTERMEDIATE HOLDINGS, INC.",2026-08-31T23:58:32.000Z,GA,Company has responded to the consumer and the CFPB and chooses not to provide a public response,Account information incorrect
Credit reporting or other personal consumer reports,2026-09-01T00:06:21.000Z,Problem with a company's investigation into an existing problem,Credit reporting,39046,,26188097,Yes,In progress,Web,"TRANSUNION INTERMEDIATE HOLDINGS, INC.",2026-08-31T23:58:30.000Z,MS,,Their investigation did not fix an error on your report
Credit reporting or other personal consumer reports,2026-08-31T23:58:51.000Z,Problem with a company's investigation into an existing problem,Credit reporting,33311,,26187149,Yes,In progress,Web,"TRANSUNION INTERMEDIATE HOLDINGS, INC.",2026-08-31T23:58:30.000Z,FL,,Investigation took more than 30 days
Credit reporting or other personal consumer reports,2026-09-01T00:02:42.000Z,Incorrect information on your report,Credit reporting,78212,,26187296,Yes,Closed with explanation,Web,"TRANSUNION INTERMEDIATE HOLDINGS, INC.",2026-08-31T23:58:29.000Z,TX,Company has responded to the consumer and the CFPB and chooses not to provide a public response,Information belongs to someone else
Credit reporting or other personal consumer reports,2026-08-31T23:58:53.000Z,Improper use of your report,Credit reporting,78599,,26187119,Yes,Closed with explanation,Web,"EQUIFAX, INC.",2026-08-31T23:58:28.000Z,TX,,Report provided to employer without your written authorization
Credit reporting or other personal consumer reports,2026-08-31T23:58:53.000Z,Improper use of your report,Credit reporting,78599,,26187118,Yes,In progress,Web,Experian Information Solutions Inc.,2026-08-31T23:58:28.000Z,TX,,Report provided to employer without your written authorization
Credit reporting or other personal consumer reports,2026-09-01T00:01:36.000Z,Incorrect information on your report,Credit reporting,33859,,26187259,Yes,Closed with explanation,Web,"TRANSUNION INTERMEDIATE HOLDINGS, INC.",2026-08-31T23:58:27.000Z,FL,Company has responded to the consumer and the CFPB and chooses not to provide a public response,Information belongs to someone else
Credit reporting or other personal consumer reports,2026-09-01T02:00:25.000Z,Incorrect information on your report,Credit reporting,76537,,26187224,Yes,In progress,Web,"TRANSUNION INTERMEDIATE HOLDINGS, INC.",2026-08-31T23:58:24.000Z,TX,,Information belongs to someone else
Credit reporting or other personal consumer reports,2026-09-01T00:01:02.000Z,Incorrect information on your report,Credit reporting,30328,,26187247,Yes,Closed with explanation,Web,"EQUIFAX, INC.",2026-08-31T23:58:20.000Z,GA,,Information belongs to someone else
Credit reporting or other personal consumer reports,2026-09-01T00:02:16.000Z,Improper use of your report,Credit reporting,77477,,26187277,Yes,In progress,Web,Experian Information Solutions Inc.,2026-08-31T23:58:19.000Z,TX,,Reporting company used your report improperly
Credit reporting or other personal consumer reports,2026-09-01T00:02:23.000Z,Improper use of your report,Credit reporting,77477,,26187284,Yes,Closed with explanation,Web,"TRANSUNION INTERMEDIATE HOLDINGS, INC.",2026-08-31T23:58:18.000Z,TX,Company has responded to the consumer and the CFPB and chooses not to provide a public response,Reporting company used your report improperly
Credit reporting or other personal consumer reports,2026-09-01T00:03:23.000Z,Incorrect information on your report,Credit reporting,75093,,26187607,Yes,In progress,Web,"TRANSUNION INTERMEDIATE HOLDINGS, INC.",2026-08-31T23:58:11.000Z,TX,,Information belongs to someone else
Credit reporting or other personal consumer reports,2026-09-01T00:02:55.000Z,Incorrect information on your report,Credit reporting,07514,,26187458,Yes,In progress,Web,Experian Information Solutions Inc.,2026-08-31T23:58:10.000Z,NJ,,Information belongs to someone else
Debt collection,2026-09-01T00:01:50.000Z,Attempts to collect debt not owed,I do not know,33166,,26187267,Yes,Closed with explanation,Web,Synergetic Communication Inc,2026-08-31T23:58:09.000Z,FL,,Debt is not yours
Credit reporting or other personal consumer reports,2026-09-01T00:02:15.000Z,Improper use of your report,Credit reporting,77477,,26187275,Yes,Closed with explanation,Web,"EQUIFAX, INC.",2026-08-31T23:58:06.000Z,TX,,Reporting company used your report improperly
Credit reporting or other personal consumer reports,2026-09-01T00:01:02.000Z,Incorrect information on your report,Credit reporting,78109,,26187246,Yes,In progress,Web,Experian Information Solutions Inc.,2026-08-31T23:58:06.000Z,TX,,Account status incorrect
Credit reporting or other personal consumer reports,2026-09-01T00:01:30.000Z,Problem with a company's investigation into an existing problem,Credit reporting,90603,Older American,26187252,Yes,Closed with explanation,Web,"TRANSUNION INTERMEDIATE HOLDINGS, INC.",2026-08-31T23:58:04.000Z,CA,Company has responded to the consumer and the CFPB and chooses not to provide a public response,Their investigation did not fix an error on your report
Credit reporting or other personal consumer reports,2026-08-31T23:58:14.000Z,Incorrect information on your report,Credit reporting,75006,,26187077,Yes,In progress,Web,Experian Information Solutions Inc.,2026-08-31T23:57:52.000Z,TX,,Information belongs to someone else
Credit reporting or other personal consumer reports,2026-09-01T00:08:16.000Z,Problem with a company's investigation into an existing problem,Credit reporting,33598,,26188138,Yes,Closed with explanation,Web,"EQUIFAX, INC.",2026-08-31T23:57:49.000Z,FL,,Their investigation did not fix an error on your report
Debt collection,2026-09-11T21:08:38.000Z,False statements or representation,Telecommunications debt,94587,,26187467,Yes,Closed with non-monetary relief,Web,CL Holdings LLC,2026-08-31T23:57:45.000Z,CA,,Attempted to collect wrong amount
Credit reporting or other personal consumer reports,2026-08-31T23:58:09.000Z,Incorrect information on your report,Credit reporting,78212,Servicemember,26187075,Yes,In progress,Web,"TRANSUNION INTERMEDIATE HOLDINGS, INC.",2026-08-31T23:57:45.000Z,TX,,Account status incorrect
Credit reporting or other personal consumer reports,2026-08-31T23:58:12.000Z,Incorrect information on your report,Credit reporting,78212,Servicemember,26187074,Yes,In progress,Web,Experian Information Solutions Inc.,2026-08-31T23:57:45.000Z,TX,,Account status incorrect
Credit reporting or other personal consumer reports,2026-08-31T23:58:10.000Z,Incorrect information on your report,Credit reporting,78212,Servicemember,26187073,Yes,Closed with explanation,Web,"EQUIFAX, INC.",2026-08-31T23:57:45.000Z,TX,,Account status incorrect
Credit reporting or other personal consumer reports,2026-08-31T23:58:05.000Z,Incorrect information on your report,Credit reporting,19136,,26187071,Yes,In progress,Web,"TRANSUNION INTERMEDIATE HOLDINGS, INC.",2026-08-31T23:57:43.000Z,PA,,Account information incorrect
Credit reporting or other personal consumer reports,2026-08-31T23:58:05.000Z,Incorrect information on your report,Credit reporting,19136,,26187070,Yes,In progress,Web,Experian Information Solutions Inc.,2026-08-31T23:57:43.000Z,PA,,Account information incorrect
Credit reporting or other personal consumer reports,2026-09-01T00:00:03.000Z,Incorrect information on your report,Credit reporting,90201,,26187196,Yes,In progress,Web,"EQUIFAX, INC.",2026-08-31T23:57:42.000Z,CA,,Information belongs to someone else
Credit reporting or other personal consumer reports,2026-09-01T00:33:04.000Z,Incorrect information on your report,Credit reporting,29649,,26189465,Yes,Closed with non-monetary relief,Web,"EQUIFAX, INC.",2026-08-31T23:57:40.000Z,SC,,Account information incorrect
Credit reporting or other personal consumer reports,2026-09-01T00:00:31.000Z,Unable to get your credit report or credit score,Credit reporting,30265,,26187228,Yes,In progress,Web,"EQUIFAX, INC.",2026-08-31T23:57:40.000Z,GA,,Other problem getting your report or credit score
Credit reporting or other personal consumer reports,2026-09-01T00:00:02.000Z,Incorrect information on your report,Credit reporting,29045,,26187194,Yes,In progress,Web,Experian Information Solutions Inc.,2026-08-31T23:57:40.000Z,SC,,Information belongs to someone else
Credit reporting or other personal consumer reports,2026-09-01T00:00:21.000Z,Incorrect information on your report,Credit reporting,60620,,26187225,Yes,Closed with explanation,Web,"TRANSUNION INTERMEDIATE HOLDINGS, INC.",2026-08-31T23:57:39.000Z,IL,Company has responded to the consumer and the CFPB and chooses not to provide a public response,Information belongs to someone else
Credit reporting or other personal consumer reports,2026-08-31T23:58:01.000Z,Incorrect information on your report,Credit reporting,75093,,26187068,Yes,In progress,Web,Experian Information Solutions Inc.,2026-08-31T23:57:39.000Z,TX,,Information belongs to someone else
Credit reporting or other personal consumer reports,2026-08-31T23:58:00.000Z,Incorrect information on your report,Credit reporting,10280,,26187067,Yes,In progress,Web,"TRANSUNION INTERMEDIATE HOLDINGS, INC.",2026-08-31T23:57:38.000Z,NY,,Information belongs to someone else
Credit reporting or other personal consumer reports,2026-08-31T23:58:01.000Z,Incorrect information on your report,Credit reporting,10280,,26187066,Yes,In progress,Web,Experian Information Solutions Inc.,2026-08-31T23:57:38.000Z,NY,,Information belongs to someone else
Credit reporting or other personal consumer reports,2026-09-01T00:02:18.000Z,Incorrect information on your report,Credit reporting,78577,,26187276,Yes,In progress,Web,"EQUIFAX, INC.",2026-08-31T23:57:34.000Z,TX,,Account information incorrect
Credit reporting or other personal consumer reports,2026-09-01T00:03:27.000Z,Improper use of your report,Credit reporting,38614,,26187612,Yes,In progress,Web,"EQUIFAX, INC.",2026-08-31T23:57:33.000Z,MS,,Reporting company used your report improperly
Credit reporting or other personal consumer reports,2026-09-01T00:03:26.000Z,Improper use of your report,Credit reporting,38614,,26187610,Yes,In progress,Web,Experian Information Solutions Inc.,2026-08-31T23:57:32.000Z,MS,,Reporting company used your report improperly
Credit reporting or other personal consumer reports,2026-08-31T23:59:34.000Z,Improper use of your report,Credit reporting,33624,,26187163,Yes,In progress,Web,"TRANSUNION INTERMEDIATE HOLDINGS, INC.",2026-08-31T23:57:27.000Z,FL,,Reporting company used your report improperly
Credit reporting or other personal consumer reports,2026-09-01T00:01:52.000Z,Problem with a company's investigation into an existing problem,Credit reporting,30241,,26187268,Yes,In progress,Web,Experian Information Solutions Inc.,2026-08-31T23:57:24.000Z,GA,,Investigation took more than 30 days
Credit reporting or other personal consumer reports,2026-09-01T00:07:55.000Z,Problem with a company's investigation into an existing problem,Credit reporting,11220,,26188124,Yes,In progress,Web,Experian Information Solutions Inc.,2026-08-31T23:57:22.000Z,NY,,Their investigation did not fix an error on your report
Credit reporting or other personal consumer reports,2026-08-31T23:57:40.000Z,Incorrect information on your report,Credit reporting,71827,,26187059,Yes,Closed with non-monetary relief,Web,"EQUIFAX, INC.",2026-08-31T23:57:21.000Z,AR,,Personal information incorrect
Credit reporting or other personal consumer reports,2026-08-31T23:57:28.000Z,Incorrect information on your report,Credit reporting,30265,,26187044,Yes,In progress,Web,Experian Information Solutions Inc.,2026-08-31T23:57:08.000Z,GA,,Information belongs to someone else
Credit reporting or other personal consumer reports,2026-09-01T00:00:16.000Z,Problem with a company's investigation into an existing problem,Credit reporting,78504,,26187223,Yes,Closed with explanation,Web,"TRANSUNION INTERMEDIATE HOLDINGS, INC.",2026-08-31T23:57:06.000Z,TX,Company has responded to the consumer and the CFPB and chooses not to provide a public response,Investigation took more than 30 days
Credit reporting or other personal consumer reports,2026-08-31T23:59:27.000Z,Incorrect information on your report,Credit reporting,30127,,26187162,Yes,Closed with explanation,Web,"EQUIFAX, INC.",2026-08-31T23:57:05.000Z,GA,,Information belongs to someone else
Credit reporting or other personal consumer reports,2026-09-01T00:01:45.000Z,Incorrect information on your report,Credit reporting,60440,,26187263,Yes,Closed with explanation,Web,"EQUIFAX, INC.",2026-08-31T23:57:04.000Z,IL,,Information belongs to someone else
Credit reporting or other personal consumer reports,2026-09-01T00:09:31.000Z,Incorrect information on your report,Credit reporting,70341,,26188190,Yes,In progress,Web,Experian Information Solutions Inc.,2026-08-31T23:57:03.000Z,LA,,Information belongs to someone else
Debt collection,2026-08-31T23:59:45.000Z,Attempts to collect debt not owed,Credit card debt,,,26187189,Yes,Closed with explanation,Web,"Nelnet, Inc.",2026-08-31T23:57:03.000Z,KY,,Debt is not yours
Credit reporting or other personal consumer reports,2026-08-31T23:59:41.000Z,Problem with a company's investigation into an existing problem,Credit reporting,78504,,26187188,Yes,In progress,Web,Experian Information Solutions Inc.,2026-08-31T23:57:03.000Z,TX,,Investigation took more than 30 days
Credit reporting or other personal consumer reports,2026-09-01T00:00:47.000Z,Incorrect information on your report,Credit reporting,30127,,26187161,Yes,In progress,Web,Experian Information Solutions Inc.,2026-08-31T23:57:00.000Z,GA,,Information belongs to someone else
Credit reporting or other personal consumer reports,2026-09-01T00:07:49.000Z,Incorrect information on your report,Credit reporting,98198,,26188140,Yes,In progress,Web,Experian Information Solutions Inc.,2026-08-31T23:56:50.000Z,WA,,Information belongs to someone else
Credit reporting or other personal consumer reports,2026-08-31T23:58:55.000Z,Problem with a company's investigation into an existing problem,Credit reporting,90062,,26187150,Yes,In progress,Web,Experian Information Solutions Inc.,2026-08-31T23:56:40.000Z,CA,,Their investigation did not fix an error on your report
Credit reporting or other personal consumer reports,2026-09-01T00:03:06.000Z,Incorrect information on your report,Credit reporting,68111,,26187463,Yes,In progress,Web,"TRANSUNION INTERMEDIATE HOLDINGS, INC.",2026-08-31T23:56:37.000Z,NE,,Information belongs to someone else
Credit reporting or other personal consumer reports,2026-08-31T23:58:36.000Z,Incorrect information on your report,Credit reporting,76537,,26187111,Yes,In progress,Web,Experian Information Solutions Inc.,2026-08-31T23:56:31.000Z,TX,,Information belongs to someone else
Credit reporting or other personal consumer reports,2026-09-01T00:00:49.000Z,Unable to get your credit report or credit score,Credit reporting,93704,,26187231,Yes,In progress,Web,"EQUIFAX, INC.",2026-08-31T23:56:19.000Z,CA,,Other problem getting your report or credit score
Credit reporting or other personal consumer reports,2026-08-31T23:58:57.000Z,Incorrect information on your report,Credit reporting,18202,,26187151,Yes,Closed with explanation,Web,"TRANSUNION INTERMEDIATE HOLDINGS, INC.",2026-08-31T23:56:14.000Z,PA,Company has responded to the consumer and the CFPB and chooses not to provide a public response,Information belongs to someone else
Debt collection,2026-08-31T23:56:38.000Z,Attempts to collect debt not owed,Other debt,46615,,26187026,Yes,Closed with explanation,Web,"Rozlin Financial Group, Inc.",2026-08-31T23:56:14.000Z,IN,Company has responded to the consumer and the CFPB and chooses not to provide a public response,Debt is not yours
Credit reporting or other personal consumer reports,2026-09-01T00:14:20.000Z,Incorrect information on your report,Credit reporting,90301,,26188366,Yes,Closed with non-monetary relief,Web,"EQUIFAX, INC.",2026-08-31T23:56:13.000Z,CA,,Account information incorrect
Credit reporting or other personal consumer reports,2026-08-31T23:56:17.000Z,Improper use of your report,Credit reporting,93725,,26186991,Yes,Closed with explanation,Web,LEXISNEXIS,2026-08-31T23:55:58.000Z,CA,,Reporting company used your report improperly
Credit reporting or other personal consumer reports,2026-09-01T00:08:57.000Z,Problem with a company's investigation into an existing problem,Credit reporting,75068,Servicemember,26188152,Yes,Closed with non-monetary relief,Web,"EQUIFAX, INC.",2026-08-31T23:55:57.000Z,TX,,Their investigation did not fix an error on your report
Credit reporting or other personal consumer reports,2026-08-31T23:56:18.000Z,Improper use of your report,Credit reporting,93704,,26186988,Yes,Closed with explanation,Web,"TRANSUNION INTERMEDIATE HOLDINGS, INC.",2026-08-31T23:55:54.000Z,CA,Company has responded to the consumer and the CFPB and chooses not to provide a public response,Reporting company used your report improperly
Credit reporting or other personal consumer reports,2026-08-31T23:56:15.000Z,Improper use of your report,Credit reporting,10466,,26186987,Yes,Closed with explanation,Web,"TRANSUNION INTERMEDIATE HOLDINGS, INC.",2026-08-31T23:55:52.000Z,NY,Company has responded to the consumer and the CFPB and chooses not to provide a public response,Reporting company used your report improperly
Credit reporting or other personal consumer reports,2026-08-31T23:56:14.000Z,Improper use of your report,Credit reporting,10466,,26186986,Yes,In progress,Web,Experian Information Solutions Inc.,2026-08-31T23:55:52.000Z,NY,,Reporting company used your report improperly
Credit reporting or other personal consumer reports,2026-08-31T23:56:08.000Z,Improper use of your report,Credit reporting,34667,,26186983,Yes,Closed with explanation,Web,"TRANSUNION INTERMEDIATE HOLDINGS, INC.",2026-08-31T23:55:48.000Z,FL,Company has responded to the consumer and the CFPB and chooses not to provide a public response,Reporting company used your report improperly
Credit reporting or other personal consumer reports,2026-08-31T23:56:08.000Z,Improper use of your report,Credit reporting,34667,,26186982,Yes,In progress,Web,Experian Information Solutions Inc.,2026-08-31T23:55:48.000Z,FL,,Reporting company used your report improperly
Credit reporting or other personal consumer reports,2026-09-01T00:00:51.000Z,Incorrect information on your report,Credit reporting,78416,,26187230,Yes,Closed with explanation,Web,"EQUIFAX, INC.",2026-08-31T23:55:46.000Z,TX,,Information belongs to someone else
Credit reporting or other personal consumer reports,2026-08-31T23:57:59.000Z,Incorrect information on your report,Credit reporting,20120,,26187063,Yes,Closed with non-monetary relief,Web,LEXISNEXIS,2026-08-31T23:55:36.000Z,VA,,Information belongs to someone else
Credit reporting or other personal consumer reports,2026-08-31T23:55:59.000Z,Incorrect information on your report,Credit reporting,30349,,26186979,Yes,In progress,Web,"TRANSUNION INTERMEDIATE HOLDINGS, INC.",2026-08-31T23:55:36.000Z,GA,,Account information incorrect
Credit reporting or other personal consumer reports,2026-08-31T23:56:01.000Z,Incorrect information on your report,Credit reporting,30349,,26186978,Yes,Closed with non-monetary relief,Web,"EQUIFAX, INC.",2026-08-31T23:55:36.000Z,GA,,Account information incorrect
Credit reporting or other personal consumer reports,2026-08-31T23:59:10.000Z,Problem with a company's investigation into an existing problem,Credit reporting,70605,,26187156,Yes,In progress,Web,"TRANSUNION INTERMEDIATE HOLDINGS, INC.",2026-08-31T23:55:33.000Z,LA,,Investigation took more than 30 days
Credit reporting or other personal consumer reports,2026-08-31T23:58:30.000Z,Incorrect information on your report,Credit reporting,96701,,26187108,Yes,Closed with non-monetary relief,Web,"EQUIFAX, INC.",2026-08-31T23:55:33.000Z,HI,,Personal information incorrect
Credit reporting or other personal consumer reports,2026-08-31T23:57:30.000Z,Incorrect information on your report,Credit reporting,33157,,26187041,Yes,In progress,Web,"TRANSUNION INTERMEDIATE HOLDINGS, INC.",2026-08-31T23:55:31.000Z,FL,,Personal information incorrect
Credit reporting or other personal consumer reports,2026-09-01T00:02:18.000Z,Incorrect information on your report,Credit reporting,77489,,26187278,Yes,Closed with explanation,Web,"EQUIFAX, INC.",2026-08-31T23:55:29.000Z,TX,,Information belongs to someone else
Credit reporting or other personal consumer reports,2026-08-31T23:58:18.000Z,Incorrect information on your report,Credit reporting,92345,,26187107,Yes,In progress,Web,"TRANSUNION INTERMEDIATE HOLDINGS, INC.",2026-08-31T23:55:28.000Z,CA,,Public record information inaccurate
Credit reporting or other personal consumer reports,2026-08-31T23:55:47.000Z,Problem with a company's investigation into an existing problem,Credit reporting,02128,,26186976,Yes,Closed with explanation,Web,"TRANSUNION INTERMEDIATE HOLDINGS, INC.",2026-08-31T23:55:25.000Z,MA,Company has responded to the consumer and the CFPB and chooses not to provide a public response,Investigation took more than 30 days
Credit reporting or other personal consumer reports,2026-08-31T23:55:47.000Z,Problem with a company's investigation into an existing problem,Credit reporting,02128,,26186975,Yes,In progress,Web,Experian Information Solutions Inc.,2026-08-31T23:55:25.000Z,MA,,Investigation took more than 30 days
Credit reporting or other personal consumer reports,2026-09-01T00:05:04.000Z,Incorrect information on your report,Credit reporting,76063,,26188047,Yes,Closed with explanation,Web,"EQUIFAX, INC.",2026-08-31T23:59:58.000Z,TX,,Information belongs to someone else
Credit reporting or other personal consumer reports,2026-09-01T00:02:22.000Z,Incorrect information on your report,Credit reporting,90201,,26187281,Yes,In progress,Web,"TRANSUNION INTERMEDIATE HOLDINGS, INC.",2026-08-31T23:59:58.000Z,CA,,Information belongs to someone else
Credit reporting or other personal consumer reports,2026-09-01T00:05:02.000Z,Incorrect information on your report,Credit reporting,92592,,26188039,Yes,Closed with explanation,Web,"EQUIFAX, INC.",2026-08-31T23:59:48.000Z,CA,,Information belongs to someone else
Credit reporting or other personal consumer reports,2026-09-01T00:05:21.000Z,Incorrect information on your report,Credit reporting,78572,,26188068,Yes,In progress,Web,"TRANSUNION INTERMEDIATE HOLDINGS, INC.",2026-08-31T23:59:43.000Z,TX,,Information belongs to someone else
Credit reporting or other personal consumer reports,2026-09-01T00:06:47.000Z,Problem with a company's investigation into an existing problem,Credit reporting,20002,,26188107,Yes,In progress,Web,Experian Information Solutions Inc.,2026-08-31T23:59:42.000Z,DC,,Investigation took more than 30 days
Credit reporting or other personal consumer reports,2026-09-01T00:05:25.000Z,Incorrect information on your report,Credit reporting,78572,,26188067,Yes,In progress,Web,"EQUIFAX, INC.",2026-08-31T23:59:42.000Z,TX,,Information belongs to someone else
Credit reporting or other personal consumer reports,2026-09-01T00:05:23.000Z,Incorrect information on your report,Credit reporting,78572,,26188061,Yes,In progress,Web,"TRANSUNION INTERMEDIATE HOLDINGS, INC.",2026-08-31T23:59:41.000Z,TX,,Account status incorrect
Credit reporting or other personal consumer reports,2026-09-01T00:05:15.000Z,Incorrect information on your report,Credit reporting,78572,,26188057,Yes,In progress,Web,"EQUIFAX, INC.",2026-08-31T23:59:40.000Z,TX,,Account status incorrect
Credit reporting or other personal consumer reports,2026-09-01T00:04:19.000Z,Incorrect information on your report,Credit reporting,78572,,26187816,Yes,In progress,Web,Experian Information Solutions Inc.,2026-08-31T23:59:39.000Z,TX,,Account information incorrect
Debt collection,2026-09-01T00:11:12.000Z,Took or threatened to take negative or legal action,I do not know,33311,,26188237,Yes,Closed with explanation,Web,TekCollect Inc.,2026-08-31T23:59:38.000Z,FL,Company believes the complaint provided an opportunity to answer consumer's questions,Threatened or suggested your credit would be damaged
Debt collection,2026-09-01T00:04:09.000Z,Attempts to collect debt not owed,Other debt,19802,,26187813,Yes,Closed with explanation,Web,"Affirm Holdings, Inc",2026-08-31T23:59:35.000Z,DE,,Debt was paid
Credit reporting or other personal consumer reports,2026-09-01T00:18:45.000Z,Incorrect information on your report,Credit reporting,20010,,26188488,Yes,In progress,Web,Experian Information Solutions Inc.,2026-08-31T23:59:32.000Z,DC,,Information belongs to someone else
Credit reporting or other personal consumer reports,2026-08-31T23:59:55.000Z,Incorrect information on your report,Credit reporting,27704,,26187192,Yes,Closed with non-monetary relief,Web,"EQUIFAX, INC.",2026-08-31T23:59:31.000Z,NC,,Information belongs to someone else
Credit reporting or other personal consumer reports,2026-08-31T23:59:55.000Z,Incorrect information on your report,Credit reporting,27704,,26187191,Yes,In progress,Web,Experian Information Solutions Inc.,2026-08-31T23:59:31.000Z,NC,,Information belongs to someone else
Credit reporting or other personal consumer reports,2026-09-01T00:01:14.000Z,Problem with a company's investigation into an existing problem,Credit reporting,34120,,26187250,Yes,In progress,Web,Experian Information Solutions Inc.,2026-08-31T23:59:19.000Z,FL,,Investigation took more than 30 days
Credit reporting or other personal consumer reports,2026-09-01T00:02:46.000Z,Incorrect information on your report,Credit reporting,32726,,26187294,Yes,In progress,Web,Experian Information Solutions Inc.,2026-08-31T23:59:09.000Z,FL,,Information belongs to someone else
Credit reporting or other personal consumer reports,2026-09-01T00:03:46.000Z,Improper use of your report,Credit reporting,92555,,26187614,Yes,In progress,Web,"EQUIFAX, INC.",2026-08-31T23:59:07.000Z,CA,,Reporting company used your report improperly
Credit reporting or other personal consumer reports,2026-09-01T01:20:50.000Z,Problem with a company's investigation into an existing issue,Other personal consumer report,91344,,26192112,Yes,Closed with explanation,Web,"Fidelity National Information Services, Inc. (FNIS)",2026-08-31T23:59:04.000Z,CA,Company has responded to the consumer and the CFPB and chooses not to provide a public response,Problem with personal statement of dispute
Credit reporting or other personal consumer reports,2026-09-01T00:05:11.000Z,Incorrect information on your report,Credit reporting,33162,,26188050,Yes,Closed with explanation,Web,"EQUIFAX, INC.",2026-08-31T23:59:04.000Z,FL,,Information belongs to someone else
Credit reporting or other personal consumer reports,2026-09-01T00:16:38.000Z,Problem with a company's investigation into an existing problem,Credit reporting,13057,,26188425,Yes,In progress,Web,"TRANSUNION INTERMEDIATE HOLDINGS, INC.",2026-08-31T23:58:56.000Z,NY,,Their investigation did not fix an error on your report
Credit reporting or other personal consumer reports,2026-08-31T23:59:18.000Z,Incorrect information on your report,Credit reporting,75189,,26187159,Yes,In progress,Web,"EQUIFAX, INC.",2026-08-31T23:58:55.000Z,TX,,Account information incorrect
Credit reporting or other personal consumer reports,2026-09-01T00:02:25.000Z,Problem with a company's investigation into an existing problem,Credit reporting,30004,,26187282,Yes,Closed with explanation,Web,"TRANSUNION INTERMEDIATE HOLDINGS, INC.",2026-08-31T23:58:54.000Z,GA,Company has responded to the consumer and the CFPB and chooses not to provide a public response,Investigation took more than 30 days
Credit reporting or other personal consumer reports,2026-09-01T00:01:11.000Z,Problem with a company's investigation into an existing problem,Credit reporting,90062,,26187248,Yes,Closed with explanation,Web,"TRANSUNION INTERMEDIATE HOLDINGS, INC.",2026-08-31T23:58:54.000Z,CA,Company has responded to the consumer and the CFPB and chooses not to provide a public response,Investigation took more than 30 days
Checking or savings account,2026-09-01T00:23:08.000Z,Managing an account,Checking account,95616,,26188711,Yes,Closed with explanation,Web,JPMORGAN CHASE & CO.,2026-08-31T23:58:45.000Z,CA,,Deposits and withdrawals
Credit reporting or other personal consumer reports,2026-09-01T00:02:24.000Z,Incorrect information on your report,Credit reporting,00771,,26187283,Yes,In progress,Web,"EQUIFAX, INC.",2026-08-31T23:58:42.000Z,PR,,Account information incorrect
Credit reporting or other personal consumer reports,2026-09-01T00:14:26.000Z,Improper use of your report,Credit reporting,23009,,26188368,Yes,In progress,Web,"EQUIFAX, INC.",2026-08-31T23:58:40.000Z,VA,,Reporting company used your report improperly
Credit reporting or other personal consumer reports,2026-09-01T00:01:02.000Z,Incorrect information on your report,Credit reporting,30331,,26187241,Yes,Closed with explanation,Web,"TRANSUNION INTERMEDIATE HOLDINGS, INC.",2026-08-31T23:58:32.000Z,GA,Company has responded to the consumer and the CFPB and chooses not to provide a public response,Account information incorrect
Credit reporting or other personal consumer reports,2026-09-01T00:06:21.000Z,Problem with a company's investigation into an existing problem,Credit reporting,39046,,26188097,Yes,In progress,Web,"TRANSUNION INTERMEDIATE HOLDINGS, INC.",2026-08-31T23:58:30.000Z,MS,,Their investigation did not fix an error on your report
Credit reporting or other personal consumer reports,2026-08-31T23:58:51.000Z,Problem with a company's investigation into an existing problem,Credit reporting,33311,,26187149,Yes,In progress,Web,"TRANSUNION INTERMEDIATE HOLDINGS, INC.",2026-08-31T23:58:30.000Z,FL,,Investigation took more than 30 days
Credit reporting or other personal consumer reports,2026-09-01T00:02:42.000Z,Incorrect information on your report,Credit reporting,78212,,26187296,Yes,Closed with explanation,Web,"TRANSUNION INTERMEDIATE HOLDINGS, INC.",2026-08-31T23:58:29.000Z,TX,Company has responded to the consumer and the CFPB and chooses not to provide a public response,Information belongs to someone else
Credit reporting or other personal consumer reports,2026-08-31T23:58:53.000Z,Improper use of your report,Credit reporting,78599,,26187119,Yes,Closed with explanation,Web,"EQUIFAX, INC.",2026-08-31T23:58:28.000Z,TX,,Report provided to employer without your written authorization
Credit reporting or other personal consumer reports,2026-08-31T23:58:53.000Z,Improper use of your report,Credit reporting,78599,,26187118,Yes,In progress,Web,Experian Information Solutions Inc.,2026-08-31T23:58:28.000Z,TX,,Report provided to employer without your written authorization
Credit reporting or other personal consumer reports,2026-09-01T00:01:36.000Z,Incorrect information on your report,Credit reporting,33859,,26187259,Yes,Closed with explanation,Web,"TRANSUNION INTERMEDIATE HOLDINGS, INC.",2026-08-31T23:58:27.000Z,FL,Company has responded to the consumer and the CFPB and chooses not to provide a public response,Information belongs to someone else
Credit reporting or other personal consumer reports,2026-09-01T02:00:25.000Z,Incorrect information on your report,Credit reporting,76537,,26187224,Yes,In progress,Web,"TRANSUNION INTERMEDIATE HOLDINGS, INC.",2026-08-31T23:58:24.000Z,TX,,Information belongs to someone else
Credit reporting or other personal consumer reports,2026-09-01T00:01:02.000Z,Incorrect information on your report,Credit reporting,30328,,26187247,Yes,Closed with explanation,Web,"EQUIFAX, INC.",2026-08-31T23:58:20.000Z,GA,,Information belongs to someone else
Credit reporting or other personal consumer reports,2026-09-01T00:02:16.000Z,Improper use of your report,Credit reporting,77477,,26187277,Yes,In progress,Web,Experian Information Solutions Inc.,2026-08-31T23:58:19.000Z,TX,,Reporting company used your report improperly
Credit reporting or other personal consumer reports,2026-09-01T00:02:23.000Z,Improper use of your report,Credit reporting,77477,,26187284,Yes,Closed with explanation,Web,"TRANSUNION INTERMEDIATE HOLDINGS, INC.",2026-08-31T23:58:18.000Z,TX,Company has responded to the consumer and the CFPB and chooses not to provide a public response,Reporting company used your report improperly
Credit reporting or other personal consumer reports,2026-09-01T00:03:23.000Z,Incorrect information on your report,Credit reporting,75093,,26187607,Yes,In progress,Web,"TRANSUNION INTERMEDIATE HOLDINGS, INC.",2026-08-31T23:58:11.000Z,TX,,Information belongs to someone else
Credit reporting or other personal consumer reports,2026-09-01T00:02:55.000Z,Incorrect information on your report,Credit reporting,07514,,26187458,Yes,In progress,Web,Experian Information Solutions Inc.,2026-08-31T23:58:10.000Z,NJ,,Information belongs to someone else
Debt collection,2026-09-01T00:01:50.000Z,Attempts to collect debt not owed,I do not know,33166,,26187267,Yes,Closed with explanation,Web,Synergetic Communication Inc,2026-08-31T23:58:09.000Z,FL,,Debt is not yours
Credit reporting or other personal consumer reports,2026-09-01T00:02:15.000Z,Improper use of your report,Credit reporting,77477,,26187275,Yes,Closed with explanation,Web,"EQUIFAX, INC.",2026-08-31T23:58:06.000Z,TX,,Reporting company used your report improperly
Credit reporting or other personal consumer reports,2026-09-01T00:01:02.000Z,Incorrect information on your report,Credit reporting,78109,,26187246,Yes,In progress,Web,Experian Information Solutions Inc.,2026-08-31T23:58:06.000Z,TX,,Account status incorrect
Credit reporting or other personal consumer reports,2026-09-01T00:01:30.000Z,Problem with a company's investigation into an existing problem,Credit reporting,90603,Older American,26187252,Yes,Closed with explanation,Web,"TRANSUNION INTERMEDIATE HOLDINGS, INC.",2026-08-31T23:58:04.000Z,CA,Company has responded to the consumer and the CFPB and chooses not to provide a public response,Their investigation did not fix an error on your report
Credit reporting or other personal consumer reports,2026-08-31T23:58:14.000Z,Incorrect information on your report,Credit reporting,75006,,26187077,Yes,In progress,Web,Experian Information Solutions Inc.,2026-08-31T23:57:52.000Z,TX,,Information belongs to someone else
Credit reporting or other personal consumer reports,2026-09-01T00:08:16.000Z,Problem with a company's investigation into an existing problem,Credit reporting,33598,,26188138,Yes,Closed with explanation,Web,"EQUIFAX, INC.",2026-08-31T23:57:49.000Z,FL,,Their investigation did not fix an error on your report
Debt collection,2026-09-11T21:08:38.000Z,False statements or representation,Telecommunications debt,94587,,26187467,Yes,Closed with non-monetary relief,Web,CL Holdings LLC,2026-08-31T23:57:45.000Z,CA,,Attempted to collect wrong amount
Credit reporting or other personal consumer reports,2026-08-31T23:58:09.000Z,Incorrect information on your report,Credit reporting,78212,Servicemember,26187075,Yes,In progress,Web,"TRANSUNION INTERMEDIATE HOLDINGS, INC.",2026-08-31T23:57:45.000Z,TX,,Account status incorrect
Credit reporting or other personal consumer reports,2026-08-31T23:58:12.000Z,Incorrect information on your report,Credit reporting,78212,Servicemember,26187074,Yes,In progress,Web,Experian Information Solutions Inc.,2026-08-31T23:57:45.000Z,TX,,Account status incorrect
Credit reporting or other personal consumer reports,2026-08-31T23:58:10.000Z,Incorrect information on your report,Credit reporting,78212,Servicemember,26187073,Yes,Closed with explanation,Web,"EQUIFAX, INC.",2026-08-31T23:57:45.000Z,TX,,Account status incorrect
Credit reporting or other personal consumer reports,2026-08-31T23:58:05.000Z,Incorrect information on your report,Credit reporting,19136,,26187071,Yes,In progress,Web,"TRANSUNION INTERMEDIATE HOLDINGS, INC.",2026-08-31T23:57:43.000Z,PA,,Account information incorrect
Credit reporting or other personal consumer reports,2026-08-31T23:58:05.000Z,Incorrect information on your report,Credit reporting,19136,,26187070,Yes,In progress,Web,Experian Information Solutions Inc.,2026-08-31T23:57:43.000Z,PA,,Account information incorrect
Credit reporting or other personal consumer reports,2026-09-01T00:00:03.000Z,Incorrect information on your report,Credit reporting,90201,,26187196,Yes,In progress,Web,"EQUIFAX, INC.",2026-08-31T23:57:42.000Z,CA,,Information belongs to someone else
Credit reporting or other personal consumer reports,2026-09-01T00:33:04.000Z,Incorrect information on your report,Credit reporting,29649,,26189465,Yes,Closed with non-monetary relief,Web,"EQUIFAX, INC.",2026-08-31T23:57:40.000Z,SC,,Account information incorrect
Credit reporting or other personal consumer reports,2026-09-01T00:00:31.000Z,Unable to get your credit report or credit score,Credit reporting,30265,,26187228,Yes,In progress,Web,"EQUIFAX, INC.",2026-08-31T23:57:40.000Z,GA,,Other problem getting your report or credit score
Credit reporting or other personal consumer reports,2026-09-01T00:00:02.000Z,Incorrect information on your report,Credit reporting,29045,,26187194,Yes,In progress,Web,Experian Information Solutions Inc.,2026-08-31T23:57:40.000Z,SC,,Information belongs to someone else
Credit reporting or other personal consumer reports,2026-09-01T00:00:21.000Z,Incorrect information on your report,Credit reporting,60620,,26187225,Yes,Closed with explanation,Web,"TRANSUNION INTERMEDIATE HOLDINGS, INC.",2026-08-31T23:57:39.000Z,IL,Company has responded to the consumer and the CFPB and chooses not to provide a public response,Information belongs to someone else
Credit reporting or other personal consumer reports,2026-08-31T23:58:01.000Z,Incorrect information on your report,Credit reporting,75093,,26187068,Yes,In progress,Web,Experian Information Solutions Inc.,2026-08-31T23:57:39.000Z,TX,,Information belongs to someone else
Credit reporting or other personal consumer reports,2026-08-31T23:58:00.000Z,Incorrect information on your report,Credit reporting,10280,,26187067,Yes,In progress,Web,"TRANSUNION INTERMEDIATE HOLDINGS, INC.",2026-08-31T23:57:38.000Z,NY,,Information belongs to someone else
Credit reporting or other personal consumer reports,2026-08-31T23:58:01.000Z,Incorrect information on your report,Credit reporting,10280,,26187066,Yes,In progress,Web,Experian Information Solutions Inc.,2026-08-31T23:57:38.000Z,NY,,Information belongs to someone else
Credit reporting or other personal consumer reports,2026-09-01T00:02:18.000Z,Incorrect information on your report,Credit reporting,78577,,26187276,Yes,In progress,Web,"EQUIFAX, INC.",2026-08-31T23:57:34.000Z,TX,,Account information incorrect
Credit reporting or other personal consumer reports,2026-09-01T00:03:27.000Z,Improper use of your report,Credit reporting,38614,,26187612,Yes,In progress,Web,"EQUIFAX, INC.",2026-08-31T23:57:33.000Z,MS,,Reporting company used your report improperly
Credit reporting or other personal consumer reports,2026-09-01T00:03:26.000Z,Improper use of your report,Credit reporting,38614,,26187610,Yes,In progress,Web,Experian Information Solutions Inc.,2026-08-31T23:57:32.000Z,MS,,Reporting company used your report improperly
Credit reporting or other personal consumer reports,2026-08-31T23:59:34.000Z,Improper use of your report,Credit reporting,33624,,26187163,Yes,In progress,Web,"TRANSUNION INTERMEDIATE HOLDINGS, INC.",2026-08-31T23:57:27.000Z,FL,,Reporting company used your report improperly
Credit reporting or other personal consumer reports,2026-09-01T00:01:52.000Z,Problem with a company's investigation into an existing problem,Credit reporting,30241,,26187268,Yes,In progress,Web,Experian Information Solutions Inc.,2026-08-31T23:57:24.000Z,GA,,Investigation took more than 30 days
Credit reporting or other personal consumer reports,2026-09-01T00:07:55.000Z,Problem with a company's investigation into an existing problem,Credit reporting,11220,,26188124,Yes,In progress,Web,Experian Information Solutions Inc.,2026-08-31T23:57:22.000Z,NY,,Their investigation did not fix an error on your report
Credit reporting or other personal consumer reports,2026-08-31T23:57:40.000Z,Incorrect information on your report,Credit reporting,71827,,26187059,Yes,Closed with non-monetary relief,Web,"EQUIFAX, INC.",2026-08-31T23:57:21.000Z,AR,,Personal information incorrect
Credit reporting or other personal consumer reports,2026-08-31T23:57:28.000Z,Incorrect information on your report,Credit reporting,30265,,26187044,Yes,In progress,Web,Experian Information Solutions Inc.,2026-08-31T23:57:08.000Z,GA,,Information belongs to someone else
Credit reporting or other personal consumer reports,2026-09-01T00:00:16.000Z,Problem with a company's investigation into an existing problem,Credit reporting,78504,,26187223,Yes,Closed with explanation,Web,"TRANSUNION INTERMEDIATE HOLDINGS, INC.",2026-08-31T23:57:06.000Z,TX,Company has responded to the consumer and the CFPB and chooses not to provide a public response,Investigation took more than 30 days
Credit reporting or other personal consumer reports,2026-08-31T23:59:27.000Z,Incorrect information on your report,Credit reporting,30127,,26187162,Yes,Closed with explanation,Web,"EQUIFAX, INC.",2026-08-31T23:57:05.000Z,GA,,Information belongs to someone else
Credit reporting or other personal consumer reports,2026-09-01T00:01:45.000Z,Incorrect information on your report,Credit reporting,60440,,26187263,Yes,Closed with explanation,Web,"EQUIFAX, INC.",2026-08-31T23:57:04.000Z,IL,,Information belongs to someone else
Credit reporting or other personal consumer reports,2026-09-01T00:09:31.000Z,Incorrect information on your report,Credit reporting,70341,,26188190,Yes,In progress,Web,Experian Information Solutions Inc.,2026-08-31T23:57:03.000Z,LA,,Information belongs to someone else
Debt collection,2026-08-31T23:59:45.000Z,Attempts to collect debt not owed,Credit card debt,,,26187189,Yes,Closed with explanation,Web,"Nelnet, Inc.",2026-08-31T23:57:03.000Z,KY,,Debt is not yours
Credit reporting or other personal consumer reports,2026-08-31T23:59:41.000Z,Problem with a company's investigation into an existing problem,Credit reporting,78504,,26187188,Yes,In progress,Web,Experian Information Solutions Inc.,2026-08-31T23:57:03.000Z,TX,,Investigation took more than 30 days
Credit reporting or other personal consumer reports,2026-09-01T00:00:47.000Z,Incorrect information on your report,Credit reporting,30127,,26187161,Yes,In progress,Web,Experian Information Solutions Inc.,2026-08-31T23:57:00.000Z,GA,,Information belongs to someone else
Credit reporting or other personal consumer reports,2026-09-01T00:07:49.000Z,Incorrect information on your report,Credit reporting,98198,,26188140,Yes,In progress,Web,Experian Information Solutions Inc.,2026-08-31T23:56:50.000Z,WA,,Information belongs to someone else
Credit reporting or other personal consumer reports,2026-08-31T23:58:55.000Z,Problem with a company's investigation into an existing problem,Credit reporting,90062,,26187150,Yes,In progress,Web,Experian Information Solutions Inc.,2026-08-31T23:56:40.000Z,CA,,Their investigation did not fix an error on your report
Credit reporting or other personal consumer reports,2026-09-01T00:03:06.000Z,Incorrect information on your report,Credit reporting,68111,,26187463,Yes,In progress,Web,"TRANSUNION INTERMEDIATE HOLDINGS, INC.",2026-08-31T23:56:37.000Z,NE,,Information belongs to someone else
Credit reporting or other personal consumer reports,2026-08-31T23:58:36.000Z,Incorrect information on your report,Credit reporting,76537,,26187111,Yes,In progress,Web,Experian Information Solutions Inc.,2026-08-31T23:56:31.000Z,TX,,Information belongs to someone else
Credit reporting or other personal consumer reports,2026-09-01T00:00:49.000Z,Unable to get your credit report or credit score,Credit reporting,93704,,26187231,Yes,In progress,Web,"EQUIFAX, INC.",2026-08-31T23:56:19.000Z,CA,,Other problem getting your report or credit score
Credit reporting or other personal consumer reports,2026-08-31T23:58:57.000Z,Incorrect information on your report,Credit reporting,18202,,26187151,Yes,Closed with explanation,Web,"TRANSUNION INTERMEDIATE HOLDINGS, INC.",2026-08-31T23:56:14.000Z,PA,Company has responded to the consumer and the CFPB and chooses not to provide a public response,Information belongs to someone else
Debt collection,2026-08-31T23:56:38.000Z,Attempts to collect debt not owed,Other debt,46615,,26187026,Yes,Closed with explanation,Web,"Rozlin Financial Group, Inc.",2026-08-31T23:56:14.000Z,IN,Company has responded to the consumer and the CFPB and chooses not to provide a public response,Debt is not yours
Credit reporting or other personal consumer reports,2026-09-01T00:14:20.000Z,Incorrect information on your report,Credit reporting,90301,,26188366,Yes,Closed with non-monetary relief,Web,"EQUIFAX, INC.",2026-08-31T23:56:13.000Z,CA,,Account information incorrect
Credit reporting or other personal consumer reports,2026-08-31T23:56:17.000Z,Improper use of your report,Credit reporting,93725,,26186991,Yes,Closed with explanation,Web,LEXISNEXIS,2026-08-31T23:55:58.000Z,CA,,Reporting company used your report improperly
Credit reporting or other personal consumer reports,2026-09-01T00:08:57.000Z,Problem with a company's investigation into an existing problem,Credit reporting,75068,Servicemember,26188152,Yes,Closed with non-monetary relief,Web,"EQUIFAX, INC.",2026-08-31T23:55:57.000Z,TX,,Their investigation did not fix an error on your report
Credit reporting or other personal consumer reports,2026-08-31T23:56:18.000Z,Improper use of your report,Credit reporting,93704,,26186988,Yes,Closed with explanation,Web,"TRANSUNION INTERMEDIATE HOLDINGS, INC.",2026-08-31T23:55:54.000Z,CA,Company has responded to the consumer and the CFPB and chooses not to provide a public response,Reporting company used your report improperly
Credit reporting or other personal consumer reports,2026-08-31T23:56:15.000Z,Improper use of your report,Credit reporting,10466,,26186987,Yes,Closed with explanation,Web,"TRANSUNION INTERMEDIATE HOLDINGS, INC.",2026-08-31T23:55:52.000Z,NY,Company has responded to the consumer and the CFPB and chooses not to provide a public response,Reporting company used your report improperly
Credit reporting or other personal consumer reports,2026-08-31T23:56:14.000Z,Improper use of your report,Credit reporting,10466,,26186986,Yes,In progress,Web,Experian Information Solutions Inc.,2026-08-31T23:55:52.000Z,NY,,Reporting company used your report improperly
Credit reporting or other personal consumer reports,2026-08-31T23:56:08.000Z,Improper use of your report,Credit reporting,34667,,26186983,Yes,Closed with explanation,Web,"TRANSUNION INTERMEDIATE HOLDINGS, INC.",2026-08-31T23:55:48.000Z,FL,Company has responded to the consumer and the CFPB and chooses not to provide a public response,Reporting company used your report improperly
Credit reporting or other personal consumer reports,2026-08-31T23:56:08.000Z,Improper use of your report,Credit reporting,34667,,26186982,Yes,In progress,Web,Experian Information Solutions Inc.,2026-08-31T23:55:48.000Z,FL,,Reporting company used your report improperly
Credit reporting or other personal consumer reports,2026-09-01T00:00:51.000Z,Incorrect information on your report,Credit reporting,78416,,26187230,Yes,Closed with explanation,Web,"EQUIFAX, INC.",2026-08-31T23:55:46.000Z,TX,,Information belongs to someone else
Credit reporting or other personal consumer reports,2026-08-31T23:57:59.000Z,Incorrect information on your report,Credit reporting,20120,,26187063,Yes,Closed with non-monetary relief,Web,LEXISNEXIS,2026-08-31T23:55:36.000Z,VA,,Information belongs to someone else
Credit reporting or other personal consumer reports,2026-08-31T23:55:59.000Z,Incorrect information on your report,Credit reporting,30349,,26186979,Yes,In progress,Web,"TRANSUNION INTERMEDIATE HOLDINGS, INC.",2026-08-31T23:55:36.000Z,GA,,Account information incorrect
Credit reporting or other personal consumer reports,2026-08-31T23:56:01.000Z,Incorrect information on your report,Credit reporting,30349,,26186978,Yes,Closed with non-monetary relief,Web,"EQUIFAX, INC.",2026-08-31T23:55:36.000Z,GA,,Account information incorrect
Credit reporting or other personal consumer reports,2026-08-31T23:59:10.000Z,Problem with a company's investigation into an existing problem,Credit reporting,70605,,26187156,Yes,In progress,Web,"TRANSUNION INTERMEDIATE HOLDINGS, INC.",2026-08-31T23:55:33.000Z,LA,,Investigation took more than 30 days
Credit reporting or other personal consumer reports,2026-08-31T23:58:30.000Z,Incorrect information on your report,Credit reporting,96701,,26187108,Yes,Closed with non-monetary relief,Web,"EQUIFAX, INC.",2026-08-31T23:55:33.000Z,HI,,Personal information incorrect
Credit reporting or other personal consumer reports,2026-08-31T23:57:30.000Z,Incorrect information on your report,Credit reporting,33157,,26187041,Yes,In progress,Web,"TRANSUNION INTERMEDIATE HOLDINGS, INC.",2026-08-31T23:55:31.000Z,FL,,Personal information incorrect
Credit reporting or other personal consumer reports,2026-09-01T00:02:18.000Z,Incorrect information on your report,Credit reporting,77489,,26187278,Yes,Closed with explanation,Web,"EQUIFAX, INC.",2026-08-31T23:55:29.000Z,TX,,Information belongs to someone else
Credit reporting or other personal consumer reports,2026-08-31T23:58:18.000Z,Incorrect information on your report,Credit reporting,92345,,26187107,Yes,In progress,Web,"TRANSUNION INTERMEDIATE HOLDINGS, INC.",2026-08-31T23:55:28.000Z,CA,,Public record information inaccurate
Credit reporting or other personal consumer reports,2026-08-31T23:55:47.000Z,Problem with a company's investigation into an existing problem,Credit reporting,02128,,26186976,Yes,Closed with explanation,Web,"TRANSUNION INTERMEDIATE HOLDINGS, INC.",2026-08-31T23:55:25.000Z,MA,Company has responded to the consumer and the CFPB and chooses not to provide a public response,Investigation took more than 30 days
Credit reporting or other personal consumer reports,2026-08-31T23:55:47.000Z,Problem with a company's investigation into an existing problem,Credit reporting,02128,,26186975,Yes,In progress,Web,Experian Information Solutions Inc.,2026-08-31T23:55:25.000Z,MA,,Investigation took more than 30 days
Credit reporting or other personal consumer reports,2026-09-01T00:05:04.000Z,Incorrect information on your report,Credit reporting,76063,,26188047,Yes,Closed with explanation,Web,"EQUIFAX, INC.",2026-08-31T23:59:58.000Z,TX,,Information belongs to someone else
Credit reporting or other personal consumer reports,2026-09-01T00:02:22.000Z,Incorrect information on your report,Credit reporting,90201,,26187281,Yes,In progress,Web,"TRANSUNION INTERMEDIATE HOLDINGS, INC.",2026-08-31T23:59:58.000Z,CA,,Information belongs to someone else
Credit reporting or other personal consumer reports,2026-09-01T00:05:02.000Z,Incorrect information on your report,Credit reporting,92592,,26188039,Yes,Closed with explanation,Web,"EQUIFAX, INC.",2026-08-31T23:59:48.000Z,CA,,Information belongs to someone else
Credit reporting or other personal consumer reports,2026-09-01T00:05:21.000Z,Incorrect information on your report,Credit reporting,78572,,26188068,Yes,In progress,Web,"TRANSUNION INTERMEDIATE HOLDINGS, INC.",2026-08-31T23:59:43.000Z,TX,,Information belongs to someone else
Credit reporting or other personal consumer reports,2026-09-01T00:06:47.000Z,Problem with a company's investigation into an existing problem,Credit reporting,20002,,26188107,Yes,In progress,Web,Experian Information Solutions Inc.,2026-08-31T23:59:42.000Z,DC,,Investigation took more than 30 days
Credit reporting or other personal consumer reports,2026-09-01T00:05:25.000Z,Incorrect information on your report,Credit reporting,78572,,26188067,Yes,In progress,Web,"EQUIFAX, INC.",2026-08-31T23:59:42.000Z,TX,,Information belongs to someone else
Credit reporting or other personal consumer reports,2026-09-01T00:05:23.000Z,Incorrect information on your report,Credit reporting,78572,,26188061,Yes,In progress,Web,"TRANSUNION INTERMEDIATE HOLDINGS, INC.",2026-08-31T23:59:41.000Z,TX,,Account status incorrect
Credit reporting or other personal consumer reports,2026-09-01T00:05:15.000Z,Incorrect information on your report,Credit reporting,78572,,26188057,Yes,In progress,Web,"EQUIFAX, INC.",2026-08-31T23:59:40.000Z,TX,,Account status incorrect
Credit reporting or other personal consumer reports,2026-09-01T00:04:19.000Z,Incorrect information on your report,Credit reporting,78572,,26187816,Yes,In progress,Web,Experian Information Solutions Inc.,2026-08-31T23:59:39.000Z,TX,,Account information incorrect
Debt collection,2026-09-01T00:11:12.000Z,Took or threatened to take negative or legal action,I do not know,33311,,26188237,Yes,Closed with explanation,Web,TekCollect Inc.,2026-08-31T23:59:38.000Z,FL,Company believes the complaint provided an opportunity to answer consumer's questions,Threatened or suggested your credit would be damaged
Debt collection,2026-09-01T00:04:09.000Z,Attempts to collect debt not owed,Other debt,19802,,26187813,Yes,Closed with explanation,Web,"Affirm Holdings, Inc",2026-08-31T23:59:35.000Z,DE,,Debt was paid
Credit reporting or other personal consumer reports,2026-09-01T00:18:45.000Z,Incorrect information on your report,Credit reporting,20010,,26188488,Yes,In progress,Web,Experian Information Solutions Inc.,2026-08-31T23:59:32.000Z,DC,,Information belongs to someone else
Credit reporting or other personal consumer reports,2026-08-31T23:59:55.000Z,Incorrect information on your report,Credit reporting,27704,,26187192,Yes,Closed with non-monetary relief,Web,"EQUIFAX, INC.",2026-08-31T23:59:31.000Z,NC,,Information belongs to someone else
Credit reporting or other personal consumer reports,2026-08-31T23:59:55.000Z,Incorrect information on your report,Credit reporting,27704,,26187191,Yes,In progress,Web,Experian Information Solutions Inc.,2026-08-31T23:59:31.000Z,NC,,Information belongs to someone else
Credit reporting or other personal consumer reports,2026-09-01T00:01:14.000Z,Problem with a company's investigation into an existing problem,Credit reporting,34120,,26187250,Yes,In progress,Web,Experian Information Solutions Inc.,2026-08-31T23:59:19.000Z,FL,,Investigation took more than 30 days
Credit reporting or other personal consumer reports,2026-09-01T00:02:46.000Z,Incorrect information on your report,Credit reporting,32726,,26187294,Yes,In progress,Web,Experian Information Solutions Inc.,2026-08-31T23:59:09.000Z,FL,,Information belongs to someone else
Credit reporting or other personal consumer reports,2026-09-01T00:03:46.000Z,Improper use of your report,Credit reporting,92555,,26187614,Yes,In progress,Web,"EQUIFAX, INC.",2026-08-31T23:59:07.000Z,CA,,Reporting company used your report improperly
Credit reporting or other personal consumer reports,2026-09-01T01:20:50.000Z,Problem with a company's investigation into an existing issue,Other personal consumer report,91344,,26192112,Yes,Closed with explanation,Web,"Fidelity National Information Services, Inc. (FNIS)",2026-08-31T23:59:04.000Z,CA,Company has responded to the consumer and the CFPB and chooses not to provide a public response,Problem with personal statement of dispute
Credit reporting or other personal consumer reports,2026-09-01T00:05:11.000Z,Incorrect information on your report,Credit reporting,33162,,26188050,Yes,Closed with explanation,Web,"EQUIFAX, INC.",2026-08-31T23:59:04.000Z,FL,,Information belongs to someone else
Credit reporting or other personal consumer reports,2026-09-01T00:16:38.000Z,Problem with a company's investigation into an existing problem,Credit reporting,13057,,26188425,Yes,In progress,Web,"TRANSUNION INTERMEDIATE HOLDINGS, INC.",2026-08-31T23:58:56.000Z,NY,,Their investigation did not fix an error on your report
Credit reporting or other personal consumer reports,2026-08-31T23:59:18.000Z,Incorrect information on your report,Credit reporting,75189,,26187159,Yes,In progress,Web,"EQUIFAX, INC.",2026-08-31T23:58:55.000Z,TX,,Account information incorrect
Credit reporting or other personal consumer reports,2026-09-01T00:02:25.000Z,Problem with a company's investigation into an existing problem,Credit reporting,30004,,26187282,Yes,Closed with explanation,Web,"TRANSUNION INTERMEDIATE HOLDINGS, INC.",2026-08-31T23:58:54.000Z,GA,Company has responded to the consumer and the CFPB and chooses not to provide a public response,Investigation took more than 30 days
Credit reporting or other personal consumer reports,2026-09-01T00:01:11.000Z,Problem with a company's investigation into an existing problem,Credit reporting,90062,,26187248,Yes,Closed with explanation,Web,"TRANSUNION INTERMEDIATE HOLDINGS, INC.",2026-08-31T23:58:54.000Z,CA,Company has responded to the consumer and the CFPB and chooses not to provide a public response,Investigation took more than 30 days
Checking or savings account,2026-09-01T00:23:08.000Z,Managing an account,Checking account,95616,,26188711,Yes,Closed with explanation,Web,JPMORGAN CHASE & CO.,2026-08-31T23:58:45.000Z,CA,,Deposits and withdrawals
Credit reporting or other personal consumer reports,2026-09-01T00:02:24.000Z,Incorrect information on your report,Credit reporting,00771,,26187283,Yes,In progress,Web,"EQUIFAX, INC.",2026-08-31T23:58:42.000Z,PR,,Account information incorrect
Credit reporting or other personal consumer reports,2026-09-01T00:14:26.000Z,Improper use of your report,Credit reporting,23009,,26188368,Yes,In progress,Web,"EQUIFAX, INC.",2026-08-31T23:58:40.000Z,VA,,Reporting company used your report improperly
Credit reporting or other personal consumer reports,2026-09-01T00:01:02.000Z,Incorrect information on your report,Credit reporting,30331,,26187241,Yes,Closed with explanation,Web,"TRANSUNION INTERMEDIATE HOLDINGS, INC.",2026-08-31T23:58:32.000Z,GA,Company has responded to the consumer and the CFPB and chooses not to provide a public response,Account information incorrect
Credit reporting or other personal consumer reports,2026-09-01T00:06:21.000Z,Problem with a company's investigation into an existing problem,Credit reporting,39046,,26188097,Yes,In progress,Web,"TRANSUNION INTERMEDIATE HOLDINGS, INC.",2026-08-31T23:58:30.000Z,MS,,Their investigation did not fix an error on your report
Credit reporting or other personal consumer reports,2026-08-31T23:58:51.000Z,Problem with a company's investigation into an existing problem,Credit reporting,33311,,26187149,Yes,In progress,Web,"TRANSUNION INTERMEDIATE HOLDINGS, INC.",2026-08-31T23:58:30.000Z,FL,,Investigation took more than 30 days
Credit reporting or other personal consumer reports,2026-09-01T00:02:42.000Z,Incorrect information on your report,Credit reporting,78212,,26187296,Yes,Closed with explanation,Web,"TRANSUNION INTERMEDIATE HOLDINGS, INC.",2026-08-31T23:58:29.000Z,TX,Company has responded to the consumer and the CFPB and chooses not to provide a public response,Information belongs to someone else
Credit reporting or other personal consumer reports,2026-08-31T23:58:53.000Z,Improper use of your report,Credit reporting,78599,,26187119,Yes,Closed with explanation,Web,"EQUIFAX, INC.",2026-08-31T23:58:28.000Z,TX,,Report provided to employer without your written authorization
Credit reporting or other personal consumer reports,2026-08-31T23:58:53.000Z,Improper use of your report,Credit reporting,78599,,26187118,Yes,In progress,Web,Experian Information Solutions Inc.,2026-08-31T23:58:28.000Z,TX,,Report provided to employer without your written authorization
Credit reporting or other personal consumer reports,2026-09-01T00:01:36.000Z,Incorrect information on your report,Credit reporting,33859,,26187259,Yes,Closed with explanation,Web,"TRANSUNION INTERMEDIATE HOLDINGS, INC.",2026-08-31T23:58:27.000Z,FL,Company has responded to the consumer and the CFPB and chooses not to provide a public response,Information belongs to someone else
Credit reporting or other personal consumer reports,2026-09-01T02:00:25.000Z,Incorrect information on your report,Credit reporting,76537,,26187224,Yes,In progress,Web,"TRANSUNION INTERMEDIATE HOLDINGS, INC.",2026-08-31T23:58:24.000Z,TX,,Information belongs to someone else
Credit reporting or other personal consumer reports,2026-09-01T00:01:02.000Z,Incorrect information on your report,Credit reporting,30328,,26187247,Yes,Closed with explanation,Web,"EQUIFAX, INC.",2026-08-31T23:58:20.000Z,GA,,Information belongs to someone else
Credit reporting or other personal consumer reports,2026-09-01T00:02:16.000Z,Improper use of your report,Credit reporting,77477,,26187277,Yes,In progress,Web,Experian Information Solutions Inc.,2026-08-31T23:58:19.000Z,TX,,Reporting company used your report improperly
Credit reporting or other personal consumer reports,2026-09-01T00:02:23.000Z,Improper use of your report,Credit reporting,77477,,26187284,Yes,Closed with explanation,Web,"TRANSUNION INTERMEDIATE HOLDINGS, INC.",2026-08-31T23:58:18.000Z,TX,Company has responded to the consumer and the CFPB and chooses not to provide a public response,Reporting company used your report improperly
Credit reporting or other personal consumer reports,2026-09-01T00:03:23.000Z,Incorrect information on your report,Credit reporting,75093,,26187607,Yes,In progress,Web,"TRANSUNION INTERMEDIATE HOLDINGS, INC.",2026-08-31T23:58:11.000Z,TX,,Information belongs to someone else
Credit reporting or other personal consumer reports,2026-09-01T00:02:55.000Z,Incorrect information on your report,Credit reporting,07514,,26187458,Yes,In progress,Web,Experian Information Solutions Inc.,2026-08-31T23:58:10.000Z,NJ,,Information belongs to someone else
Debt collection,2026-09-01T00:01:50.000Z,Attempts to collect debt not owed,I do not know,33166,,26187267,Yes,Closed with explanation,Web,Synergetic Communication Inc,2026-08-31T23:58:09.000Z,FL,,Debt is not yours
Credit reporting or other personal consumer reports,2026-09-01T00:02:15.000Z,Improper use of your report,Credit reporting,77477,,26187275,Yes,Closed with explanation,Web,"EQUIFAX, INC.",2026-08-31T23:58:06.000Z,TX,,Reporting company used your report improperly
Credit reporting or other personal consumer reports,2026-09-01T00:01:02.000Z,Incorrect information on your report,Credit reporting,78109,,26187246,Yes,In progress,Web,Experian Information Solutions Inc.,2026-08-31T23:58:06.000Z,TX,,Account status incorrect
Credit reporting or other personal consumer reports,2026-09-01T00:01:30.000Z,Problem with a company's investigation into an existing problem,Credit reporting,90603,Older American,26187252,Yes,Closed with explanation,Web,"TRANSUNION INTERMEDIATE HOLDINGS, INC.",2026-08-31T23:58:04.000Z,CA,Company has responded to the consumer and the CFPB and chooses not to provide a public response,Their investigation did not fix an error on your report
Credit reporting or other personal consumer reports,2026-08-31T23:58:14.000Z,Incorrect information on your report,Credit reporting,75006,,26187077,Yes,In progress,Web,Experian Information Solutions Inc.,2026-08-31T23:57:52.000Z,TX,,Information belongs to someone else
Credit reporting or other personal consumer reports,2026-09-01T00:08:16.000Z,Problem with a company's investigation into an existing problem,Credit reporting,33598,,26188138,Yes,Closed with explanation,Web,"EQUIFAX, INC.",2026-08-31T23:57:49.000Z,FL,,Their investigation did not fix an error on your report
Debt collection,2026-09-11T21:08:38.000Z,False statements or representation,Telecommunications debt,94587,,26187467,Yes,Closed with non-monetary relief,Web,CL Holdings LLC,2026-08-31T23:57:45.000Z,CA,,Attempted to collect wrong amount
Credit reporting or other personal consumer reports,2026-08-31T23:58:09.000Z,Incorrect information on your report,Credit reporting,78212,Servicemember,26187075,Yes,In progress,Web,"TRANSUNION INTERMEDIATE HOLDINGS, INC.",2026-08-31T23:57:45.000Z,TX,,Account status incorrect
Credit reporting or other personal consumer reports,2026-08-31T23:58:12.000Z,Incorrect information on your report,Credit reporting,78212,Servicemember,26187074,Yes,In progress,Web,Experian Information Solutions Inc.,2026-08-31T23:57:45.000Z,TX,,Account status incorrect
Credit reporting or other personal consumer reports,2026-08-31T23:58:10.000Z,Incorrect information on your report,Credit reporting,78212,Servicemember,26187073,Yes,Closed with explanation,Web,"EQUIFAX, INC.",2026-08-31T23:57:45.000Z,TX,,Account status incorrect
Credit reporting or other personal consumer reports,2026-08-31T23:58:05.000Z,Incorrect information on your report,Credit reporting,19136,,26187071,Yes,In progress,Web,"TRANSUNION INTERMEDIATE HOLDINGS, INC.",2026-08-31T23:57:43.000Z,PA,,Account information incorrect
Credit reporting or other personal consumer reports,2026-08-31T23:58:05.000Z,Incorrect information on your report,Credit reporting,19136,,26187070,Yes,In progress,Web,Experian Information Solutions Inc.,2026-08-31T23:57:43.000Z,PA,,Account information incorrect
Credit reporting or other personal consumer reports,2026-09-01T00:00:03.000Z,Incorrect information on your report,Credit reporting,90201,,26187196,Yes,In progress,Web,"EQUIFAX, INC.",2026-08-31T23:57:42.000Z,CA,,Information belongs to someone else
Credit reporting or other personal consumer reports,2026-09-01T00:33:04.000Z,Incorrect information on your report,Credit reporting,29649,,26189465,Yes,Closed with non-monetary relief,Web,"EQUIFAX, INC.",2026-08-31T23:57:40.000Z,SC,,Account information incorrect
Credit reporting or other personal consumer reports,2026-09-01T00:00:31.000Z,Unable to get your credit report or credit score,Credit reporting,30265,,26187228,Yes,In progress,Web,"EQUIFAX, INC.",2026-08-31T23:57:40.000Z,GA,,Other problem getting your report or credit score
Credit reporting or other personal consumer reports,2026-09-01T00:00:02.000Z,Incorrect information on your report,Credit reporting,29045,,26187194,Yes,In progress,Web,Experian Information Solutions Inc.,2026-08-31T23:57:40.000Z,SC,,Information belongs to someone else
Credit reporting or other personal consumer reports,2026-09-01T00:00:21.000Z,Incorrect information on your report,Credit reporting,60620,,26187225,Yes,Closed with explanation,Web,"TRANSUNION INTERMEDIATE HOLDINGS, INC.",2026-08-31T23:57:39.000Z,IL,Company has responded to the consumer and the CFPB and chooses not to provide a public response,Information belongs to someone else
Credit reporting or other personal consumer reports,2026-08-31T23:58:01.000Z,Incorrect information on your report,Credit reporting,75093,,26187068,Yes,In progress,Web,Experian Information Solutions Inc.,2026-08-31T23:57:39.000Z,TX,,Information belongs to someone else
Credit reporting or other personal consumer reports,2026-08-31T23:58:00.000Z,Incorrect information on your report,Credit reporting,10280,,26187067,Yes,In progress,Web,"TRANSUNION INTERMEDIATE HOLDINGS, INC.",2026-08-31T23:57:38.000Z,NY,,Information belongs to someone else
Credit reporting or other personal consumer reports,2026-08-31T23:58:01.000Z,Incorrect information on your report,Credit reporting,10280,,26187066,Yes,In progress,Web,Experian Information Solutions Inc.,2026-08-31T23:57:38.000Z,NY,,Information belongs to someone else
Credit reporting or other personal consumer reports,2026-09-01T00:02:18.000Z,Incorrect information on your report,Credit reporting,78577,,26187276,Yes,In progress,Web,"EQUIFAX, INC.",2026-08-31T23:57:34.000Z,TX,,Account information incorrect
Credit reporting or other personal consumer reports,2026-09-01T00:03:27.000Z,Improper use of your report,Credit reporting,38614,,26187612,Yes,In progress,Web,"EQUIFAX, INC.",2026-08-31T23:57:33.000Z,MS,,Reporting company used your report improperly
Credit reporting or other personal consumer reports,2026-09-01T00:03:26.000Z,Improper use of your report,Credit reporting,38614,,26187610,Yes,In progress,Web,Experian Information Solutions Inc.,2026-08-31T23:57:32.000Z,MS,,Reporting company used your report improperly
Credit reporting or other personal consumer reports,2026-08-31T23:59:34.000Z,Improper use of your report,Credit reporting,33624,,26187163,Yes,In progress,Web,"TRANSUNION INTERMEDIATE HOLDINGS, INC.",2026-08-31T23:57:27.000Z,FL,,Reporting company used your report improperly
Credit reporting or other personal consumer reports,2026-09-01T00:01:52.000Z,Problem with a company's investigation into an existing problem,Credit reporting,30241,,26187268,Yes,In progress,Web,Experian Information Solutions Inc.,2026-08-31T23:57:24.000Z,GA,,Investigation took more than 30 days
Credit reporting or other personal consumer reports,2026-09-01T00:07:55.000Z,Problem with a company's investigation into an existing problem,Credit reporting,11220,,26188124,Yes,In progress,Web,Experian Information Solutions Inc.,2026-08-31T23:57:22.000Z,NY,,Their investigation did not fix an error on your report
Credit reporting or other personal consumer reports,2026-08-31T23:57:40.000Z,Incorrect information on your report,Credit reporting,71827,,26187059,Yes,Closed with non-monetary relief,Web,"EQUIFAX, INC.",2026-08-31T23:57:21.000Z,AR,,Personal information incorrect
Credit reporting or other personal consumer reports,2026-08-31T23:57:28.000Z,Incorrect information on your report,Credit reporting,30265,,26187044,Yes,In progress,Web,Experian Information Solutions Inc.,2026-08-31T23:57:08.000Z,GA,,Information belongs to someone else
Credit reporting or other personal consumer reports,2026-09-01T00:00:16.000Z,Problem with a company's investigation into an existing problem,Credit reporting,78504,,26187223,Yes,Closed with explanation,Web,"TRANSUNION INTERMEDIATE HOLDINGS, INC.",2026-08-31T23:57:06.000Z,TX,Company has responded to the consumer and the CFPB and chooses not to provide a public response,Investigation took more than 30 days
Credit reporting or other personal consumer reports,2026-08-31T23:59:27.000Z,Incorrect information on your report,Credit reporting,30127,,26187162,Yes,Closed with explanation,Web,"EQUIFAX, INC.",2026-08-31T23:57:05.000Z,GA,,Information belongs to someone else
Credit reporting or other personal consumer reports,2026-09-01T00:01:45.000Z,Incorrect information on your report,Credit reporting,60440,,26187263,Yes,Closed with explanation,Web,"EQUIFAX, INC.",2026-08-31T23:57:04.000Z,IL,,Information belongs to someone else
Credit reporting or other personal consumer reports,2026-09-01T00:09:31.000Z,Incorrect information on your report,Credit reporting,70341,,26188190,Yes,In progress,Web,Experian Information Solutions Inc.,2026-08-31T23:57:03.000Z,LA,,Information belongs to someone else
Debt collection,2026-08-31T23:59:45.000Z,Attempts to collect debt not owed,Credit card debt,,,26187189,Yes,Closed with explanation,Web,"Nelnet, Inc.",2026-08-31T23:57:03.000Z,KY,,Debt is not yours
Credit reporting or other personal consumer reports,2026-08-31T23:59:41.000Z,Problem with a company's investigation into an existing problem,Credit reporting,78504,,26187188,Yes,In progress,Web,Experian Information Solutions Inc.,2026-08-31T23:57:03.000Z,TX,,Investigation took more than 30 days
Credit reporting or other personal consumer reports,2026-09-01T00:00:47.000Z,Incorrect information on your report,Credit reporting,30127,,26187161,Yes,In progress,Web,Experian Information Solutions Inc.,2026-08-31T23:57:00.000Z,GA,,Information belongs to someone else
Credit reporting or other personal consumer reports,2026-09-01T00:07:49.000Z,Incorrect information on your report,Credit reporting,98198,,26188140,Yes,In progress,Web,Experian Information Solutions Inc.,2026-08-31T23:56:50.000Z,WA,,Information belongs to someone else
Credit reporting or other personal consumer reports,2026-08-31T23:58:55.000Z,Problem with a company's investigation into an existing problem,Credit reporting,90062,,26187150,Yes,In progress,Web,Experian Information Solutions Inc.,2026-08-31T23:56:40.000Z,CA,,Their investigation did not fix an error on your report
Credit reporting or other personal consumer reports,2026-09-01T00:03:06.000Z,Incorrect information on your report,Credit reporting,68111,,26187463,Yes,In progress,Web,"TRANSUNION INTERMEDIATE HOLDINGS, INC.",2026-08-31T23:56:37.000Z,NE,,Information belongs to someone else
Credit reporting or other personal consumer reports,2026-08-31T23:58:36.000Z,Incorrect information on your report,Credit reporting,76537,,26187111,Yes,In progress,Web,Experian Information Solutions Inc.,2026-08-31T23:56:31.000Z,TX,,Information belongs to someone else
Credit reporting or other personal consumer reports,2026-09-01T00:00:49.000Z,Unable to get your credit report or credit score,Credit reporting,93704,,26187231,Yes,In progress,Web,"EQUIFAX, INC.",2026-08-31T23:56:19.000Z,CA,,Other problem getting your report or credit score
Credit reporting or other personal consumer reports,2026-08-31T23:58:57.000Z,Incorrect information on your report,Credit reporting,18202,,26187151,Yes,Closed with explanation,Web,"TRANSUNION INTERMEDIATE HOLDINGS, INC.",2026-08-31T23:56:14.000Z,PA,Company has responded to the consumer and the CFPB and chooses not to provide a public response,Information belongs to someone else
Debt collection,2026-08-31T23:56:38.000Z,Attempts to collect debt not owed,Other debt,46615,,26187026,Yes,Closed with explanation,Web,"Rozlin Financial Group, Inc.",2026-08-31T23:56:14.000Z,IN,Company has responded to the consumer and the CFPB and chooses not to provide a public response,Debt is not yours
Credit reporting or other personal consumer reports,2026-09-01T00:14:20.000Z,Incorrect information on your report,Credit reporting,90301,,26188366,Yes,Closed with non-monetary relief,Web,"EQUIFAX, INC.",2026-08-31T23:56:13.000Z,CA,,Account information incorrect
Credit reporting or other personal consumer reports,2026-08-31T23:56:17.000Z,Improper use of your report,Credit reporting,93725,,26186991,Yes,Closed with explanation,Web,LEXISNEXIS,2026-08-31T23:55:58.000Z,CA,,Reporting company used your report improperly
Credit reporting or other personal consumer reports,2026-09-01T00:08:57.000Z,Problem with a company's investigation into an existing problem,Credit reporting,75068,Servicemember,26188152,Yes,Closed with non-monetary relief,Web,"EQUIFAX, INC.",2026-08-31T23:55:57.000Z,TX,,Their investigation did not fix an error on your report
Credit reporting or other personal consumer reports,2026-08-31T23:56:18.000Z,Improper use of your report,Credit reporting,93704,,26186988,Yes,Closed with explanation,Web,"TRANSUNION INTERMEDIATE HOLDINGS, INC.",2026-08-31T23:55:54.000Z,CA,Company has responded to the consumer and the CFPB and chooses not to provide a public response,Reporting company used your report improperly
Credit reporting or other personal consumer reports,2026-08-31T23:56:15.000Z,Improper use of your report,Credit reporting,10466,,26186987,Yes,Closed with explanation,Web,"TRANSUNION INTERMEDIATE HOLDINGS, INC.",2026-08-31T23:55:52.000Z,NY,Company has responded to the consumer and the CFPB and chooses not to provide a public response,Reporting company used your report improperly
Credit reporting or other personal consumer reports,2026-08-31T23:56:14.000Z,Improper use of your report,Credit reporting,10466,,26186986,Yes,In progress,Web,Experian Information Solutions Inc.,2026-08-31T23:55:52.000Z,NY,,Reporting company used your report improperly
Credit reporting or other personal consumer reports,2026-08-31T23:56:08.000Z,Improper use of your report,Credit reporting,34667,,26186983,Yes,Closed with explanation,Web,"TRANSUNION INTERMEDIATE HOLDINGS, INC.",2026-08-31T23:55:48.000Z,FL,Company has responded to the consumer and the CFPB and chooses not to provide a public response,Reporting company used your report improperly
Credit reporting or other personal consumer reports,2026-08-31T23:56:08.000Z,Improper use of your report,Credit reporting,34667,,26186982,Yes,In progress,Web,Experian Information Solutions Inc.,2026-08-31T23:55:48.000Z,FL,,Reporting company used your report improperly
Credit reporting or other personal consumer reports,2026-09-01T00:00:51.000Z,Incorrect information on your report,Credit reporting,78416,,26187230,Yes,Closed with explanation,Web,"EQUIFAX, INC.",2026-08-31T23:55:46.000Z,TX,,Information belongs to someone else
Credit reporting or other personal consumer reports,2026-08-31T23:57:59.000Z,Incorrect information on your report,Credit reporting,20120,,26187063,Yes,Closed with non-monetary relief,Web,LEXISNEXIS,2026-08-31T23:55:36.000Z,VA,,Information belongs to someone else
Credit reporting or other personal consumer reports,2026-08-31T23:55:59.000Z,Incorrect information on your report,Credit reporting,30349,,26186979,Yes,In progress,Web,"TRANSUNION INTERMEDIATE HOLDINGS, INC.",2026-08-31T23:55:36.000Z,GA,,Account information incorrect
Credit reporting or other personal consumer reports,2026-08-31T23:56:01.000Z,Incorrect information on your report,Credit reporting,30349,,26186978,Yes,Closed with non-monetary relief,Web,"EQUIFAX, INC.",2026-08-31T23:55:36.000Z,GA,,Account information incorrect
Credit reporting or other personal consumer reports,2026-08-31T23:59:10.000Z,Problem with a company's investigation into an existing problem,Credit reporting,70605,,26187156,Yes,In progress,Web,"TRANSUNION INTERMEDIATE HOLDINGS, INC.",2026-08-31T23:55:33.000Z,LA,,Investigation took more than 30 days
Credit reporting or other personal consumer reports,2026-08-31T23:58:30.000Z,Incorrect information on your report,Credit reporting,96701,,26187108,Yes,Closed with non-monetary relief,Web,"EQUIFAX, INC.",2026-08-31T23:55:33.000Z,HI,,Personal information incorrect
Credit reporting or other personal consumer reports,2026-08-31T23:57:30.000Z,Incorrect information on your report,Credit reporting,33157,,26187041,Yes,In progress,Web,"TRANSUNION INTERMEDIATE HOLDINGS, INC.",2026-08-31T23:55:31.000Z,FL,,Personal information incorrect
Credit reporting or other personal consumer reports,2026-09-01T00:02:18.000Z,Incorrect information on your report,Credit reporting,77489,,26187278,Yes,Closed with explanation,Web,"EQUIFAX, INC.",2026-08-31T23:55:29.000Z,TX,,Information belongs to someone else
Credit reporting or other personal consumer reports,2026-08-31T23:58:18.000Z,Incorrect information on your report,Credit reporting,92345,,26187107,Yes,In progress,Web,"TRANSUNION INTERMEDIATE HOLDINGS, INC.",2026-08-31T23:55:28.000Z,CA,,Public record information inaccurate
Credit reporting or other personal consumer reports,2026-08-31T23:55:47.000Z,Problem with a company's investigation into an existing problem,Credit reporting,02128,,26186976,Yes,Closed with explanation,Web,"TRANSUNION INTERMEDIATE HOLDINGS, INC.",2026-08-31T23:55:25.000Z,MA,Company has responded to the consumer and the CFPB and chooses not to provide a public response,Investigation took more than 30 days
Credit reporting or other personal consumer reports,2026-08-31T23:55:47.000Z,Problem with a company's investigation into an existing problem,Credit reporting,02128,,26186975,Yes,In progress,Web,Experian Information Solutions Inc.,2026-08-31T23:55:25.000Z,MA,,Investigation took more than 30 days
Credit reporting or other personal consumer reports,2026-09-01T00:05:04.000Z,Incorrect information on your report,Credit reporting,76063,,26188047,Yes,Closed with explanation,Web,"EQUIFAX, INC.",2026-08-31T23:59:58.000Z,TX,,Information belongs to someone else
Credit reporting or other personal consumer reports,2026-09-01T00:02:22.000Z,Incorrect information on your report,Credit reporting,90201,,26187281,Yes,In progress,Web,"TRANSUNION INTERMEDIATE HOLDINGS, INC.",2026-08-31T23:59:58.000Z,CA,,Information belongs to someone else
Credit reporting or other personal consumer reports,2026-09-01T00:05:02.000Z,Incorrect information on your report,Credit reporting,92592,,26188039,Yes,Closed with explanation,Web,"EQUIFAX, INC.",2026-08-31T23:59:48.000Z,CA,,Information belongs to someone else
Credit reporting or other personal consumer reports,2026-09-01T00:05:21.000Z,Incorrect information on your report,Credit reporting,78572,,26188068,Yes,In progress,Web,"TRANSUNION INTERMEDIATE HOLDINGS, INC.",2026-08-31T23:59:43.000Z,TX,,Information belongs to someone else
Credit reporting or other personal consumer reports,2026-09-01T00:06:47.000Z,Problem with a company's investigation into an existing problem,Credit reporting,20002,,26188107,Yes,In progress,Web,Experian Information Solutions Inc.,2026-08-31T23:59:42.000Z,DC,,Investigation took more than 30 days
Credit reporting or other personal consumer reports,2026-09-01T00:05:25.000Z,Incorrect information on your report,Credit reporting,78572,,26188067,Yes,In progress,Web,"EQUIFAX, INC.",2026-08-31T23:59:42.000Z,TX,,Information belongs to someone else
Credit reporting or other personal consumer reports,2026-09-01T00:05:23.000Z,Incorrect information on your report,Credit reporting,78572,,26188061,Yes,In progress,Web,"TRANSUNION INTERMEDIATE HOLDINGS, INC.",2026-08-31T23:59:41.000Z,TX,,Account status incorrect
Credit reporting or other personal consumer reports,2026-09-01T00:05:15.000Z,Incorrect information on your report,Credit reporting,78572,,26188057,Yes,In progress,Web,"EQUIFAX, INC.",2026-08-31T23:59:40.000Z,TX,,Account status incorrect
Credit reporting or other personal consumer reports,2026-09-01T00:04:19.000Z,Incorrect information on your report,Credit reporting,78572,,26187816,Yes,In progress,Web,Experian Information Solutions Inc.,2026-08-31T23:59:39.000Z,TX,,Account information incorrect
Debt collection,2026-09-01T00:11:12.000Z,Took or threatened to take negative or legal action,I do not know,33311,,26188237,Yes,Closed with explanation,Web,TekCollect Inc.,2026-08-31T23:59:38.000Z,FL,Company believes the complaint provided an opportunity to answer consumer's questions,Threatened or suggested your credit would be damaged
Debt collection,2026-09-01T00:04:09.000Z,Attempts to collect debt not owed,Other debt,19802,,26187813,Yes,Closed with explanation,Web,"Affirm Holdings, Inc",2026-08-31T23:59:35.000Z,DE,,Debt was paid
Credit reporting or other personal consumer reports,2026-09-01T00:18:45.000Z,Incorrect information on your report,Credit reporting,20010,,26188488,Yes,In progress,Web,Experian Information Solutions Inc.,2026-08-31T23:59:32.000Z,DC,,Information belongs to someone else
Credit reporting or other personal consumer reports,2026-08-31T23:59:55.000Z,Incorrect information on your report,Credit reporting,27704,,26187192,Yes,Closed with non-monetary relief,Web,"EQUIFAX, INC.",2026-08-31T23:59:31.000Z,NC,,Information belongs to someone else
Credit reporting or other personal consumer reports,2026-08-31T23:59:55.000Z,Incorrect information on your report,Credit reporting,27704,,26187191,Yes,In progress,Web,Experian Information Solutions Inc.,2026-08-31T23:59:31.000Z,NC,,Information belongs to someone else
Credit reporting or other personal consumer reports,2026-09-01T00:01:14.000Z,Problem with a company's investigation into an existing problem,Credit reporting,34120,,26187250,Yes,In progress,Web,Experian Information Solutions Inc.,2026-08-31T23:59:19.000Z,FL,,Investigation took more than 30 days
Credit reporting or other personal consumer reports,2026-09-01T00:02:46.000Z,Incorrect information on your report,Credit reporting,32726,,26187294,Yes,In progress,Web,Experian Information Solutions Inc.,2026-08-31T23:59:09.000Z,FL,,Information belongs to someone else
Credit reporting or other personal consumer reports,2026-09-01T00:03:46.000Z,Improper use of your report,Credit reporting,92555,,26187614,Yes,In progress,Web,"EQUIFAX, INC.",2026-08-31T23:59:07.000Z,CA,,Reporting company used your report improperly
Credit reporting or other personal consumer reports,2026-09-01T01:20:50.000Z,Problem with a company's investigation into an existing issue,Other personal consumer report,91344,,26192112,Yes,Closed with explanation,Web,"Fidelity National Information Services, Inc. (FNIS)",2026-08-31T23:59:04.000Z,CA,Company has responded to the consumer and the CFPB and chooses not to provide a public response,Problem with personal statement of dispute
Credit reporting or other personal consumer reports,2026-09-01T00:05:11.000Z,Incorrect information on your report,Credit reporting,33162,,26188050,Yes,Closed with explanation,Web,"EQUIFAX, INC.",2026-08-31T23:59:04.000Z,FL,,Information belongs to someone else
Credit reporting or other personal consumer reports,2026-09-01T00:16:38.000Z,Problem with a company's investigation into an existing problem,Credit reporting,13057,,26188425,Yes,In progress,Web,"TRANSUNION INTERMEDIATE HOLDINGS, INC.",2026-08-31T23:58:56.000Z,NY,,Their investigation did not fix an error on your report
Credit reporting or other personal consumer reports,2026-08-31T23:59:18.000Z,Incorrect information on your report,Credit reporting,75189,,26187159,Yes,In progress,Web,"EQUIFAX, INC.",2026-08-31T23:58:55.000Z,TX,,Account information incorrect
Credit reporting or other personal consumer reports,2026-09-01T00:02:25.000Z,Problem with a company's investigation into an existing problem,Credit reporting,30004,,26187282,Yes,Closed with explanation,Web,"TRANSUNION INTERMEDIATE HOLDINGS, INC.",2026-08-31T23:58:54.000Z,GA,Company has responded to the consumer and the CFPB and chooses not to provide a public response,Investigation took more than 30 days
Credit reporting or other personal consumer reports,2026-09-01T00:01:11.000Z,Problem with a company's investigation into an existing problem,Credit reporting,90062,,26187248,Yes,Closed with explanation,Web,"TRANSUNION INTERMEDIATE HOLDINGS, INC.",2026-08-31T23:58:54.000Z,CA,Company has responded to the consumer and the CFPB and chooses not to provide a public response,Investigation took more than 30 days
Checking or savings account,2026-09-01T00:23:08.000Z,Managing an account,Checking account,95616,,26188711,Yes,Closed with explanation,Web,JPMORGAN CHASE & CO.,2026-08-31T23:58:45.000Z,CA,,Deposits and withdrawals
Credit reporting or other personal consumer reports,2026-09-01T00:02:24.000Z,Incorrect information on your report,Credit reporting,00771,,26187283,Yes,In progress,Web,"EQUIFAX, INC.",2026-08-31T23:58:42.000Z,PR,,Account information incorrect
Credit reporting or other personal consumer reports,2026-09-01T00:14:26.000Z,Improper use of your report,Credit reporting,23009,,26188368,Yes,In progress,Web,"EQUIFAX, INC.",2026-08-31T23:58:40.000Z,VA,,Reporting company used your report improperly
Credit reporting or other personal consumer reports,2026-09-01T00:01:02.000Z,Incorrect information on your report,Credit reporting,30331,,26187241,Yes,Closed with explanation,Web,"TRANSUNION INTERMEDIATE HOLDINGS, INC.",2026-08-31T23:58:32.000Z,GA,Company has responded to the consumer and the CFPB and chooses not to provide a public response,Account information incorrect
Credit reporting or other personal consumer reports,2026-09-01T00:06:21.000Z,Problem with a company's investigation into an existing problem,Credit reporting,39046,,26188097,Yes,In progress,Web,"TRANSUNION INTERMEDIATE HOLDINGS, INC.",2026-08-31T23:58:30.000Z,MS,,Their investigation did not fix an error on your report
Credit reporting or other personal consumer reports,2026-08-31T23:58:51.000Z,Problem with a company's investigation into an existing problem,Credit reporting,33311,,26187149,Yes,In progress,Web,"TRANSUNION INTERMEDIATE HOLDINGS, INC.",2026-08-31T23:58:30.000Z,FL,,Investigation took more than 30 days
Credit reporting or other personal consumer reports,2026-09-01T00:02:42.000Z,Incorrect information on your report,Credit reporting,78212,,26187296,Yes,Closed with explanation,Web,"TRANSUNION INTERMEDIATE HOLDINGS, INC.",2026-08-31T23:58:29.000Z,TX,Company has responded to the consumer and the CFPB and chooses not to provide a public response,Information belongs to someone else
Credit reporting or other personal consumer reports,2026-08-31T23:58:53.000Z,Improper use of your report,Credit reporting,78599,,26187119,Yes,Closed with explanation,Web,"EQUIFAX, INC.",2026-08-31T23:58:28.000Z,TX,,Report provided to employer without your written authorization
Credit reporting or other personal consumer reports,2026-08-31T23:58:53.000Z,Improper use of your report,Credit reporting,78599,,26187118,Yes,In progress,Web,Experian Information Solutions Inc.,2026-08-31T23:58:28.000Z,TX,,Report provided to employer without your written authorization
Credit reporting or other personal consumer reports,2026-09-01T00:01:36.000Z,Incorrect information on your report,Credit reporting,33859,,26187259,Yes,Closed with explanation,Web,"TRANSUNION INTERMEDIATE HOLDINGS, INC.",2026-08-31T23:58:27.000Z,FL,Company has responded to the consumer and the CFPB and chooses not to provide a public response,Information belongs to someone else
Credit reporting or other personal consumer reports,2026-09-01T02:00:25.000Z,Incorrect information on your report,Credit reporting,76537,,26187224,Yes,In progress,Web,"TRANSUNION INTERMEDIATE HOLDINGS, INC.",2026-08-31T23:58:24.000Z,TX,,Information belongs to someone else
Credit reporting or other personal consumer reports,2026-09-01T00:01:02.000Z,Incorrect information on your report,Credit reporting,30328,,26187247,Yes,Closed with explanation,Web,"EQUIFAX, INC.",2026-08-31T23:58:20.000Z,GA,,Information belongs to someone else
Credit reporting or other personal consumer reports,2026-09-01T00:02:16.000Z,Improper use of your report,Credit reporting,77477,,26187277,Yes,In progress,Web,Experian Information Solutions Inc.,2026-08-31T23:58:19.000Z,TX,,Reporting company used your report improperly
Credit reporting or other personal consumer reports,2026-09-01T00:02:23.000Z,Improper use of your report,Credit reporting,77477,,26187284,Yes,Closed with explanation,Web,"TRANSUNION INTERMEDIATE HOLDINGS, INC.",2026-08-31T23:58:18.000Z,TX,Company has responded to the consumer and the CFPB and chooses not to provide a public response,Reporting company used your report improperly
Credit reporting or other personal consumer reports,2026-09-01T00:03:23.000Z,Incorrect information on your report,Credit reporting,75093,,26187607,Yes,In progress,Web,"TRANSUNION INTERMEDIATE HOLDINGS, INC.",2026-08-31T23:58:11.000Z,TX,,Information belongs to someone else
Credit reporting or other personal consumer reports,2026-09-01T00:02:55.000Z,Incorrect information on your report,Credit reporting,07514,,26187458,Yes,In progress,Web,Experian Information Solutions Inc.,2026-08-31T23:58:10.000Z,NJ,,Information belongs to someone else
Debt collection,2026-09-01T00:01:50.000Z,Attempts to collect debt not owed,I do not know,33166,,26187267,Yes,Closed with explanation,Web,Synergetic Communication Inc,2026-08-31T23:58:09.000Z,FL,,Debt is not yours
Credit reporting or other personal consumer reports,2026-09-01T00:02:15.000Z,Improper use of your report,Credit reporting,77477,,26187275,Yes,Closed with explanation,Web,"EQUIFAX, INC.",2026-08-31T23:58:06.000Z,TX,,Reporting company used your report improperly
Credit reporting or other personal consumer reports,2026-09-01T00:01:02.000Z,Incorrect information on your report,Credit reporting,78109,,26187246,Yes,In progress,Web,Experian Information Solutions Inc.,2026-08-31T23:58:06.000Z,TX,,Account status incorrect
Credit reporting or other personal consumer reports,2026-09-01T00:01:30.000Z,Problem with a company's investigation into an existing problem,Credit reporting,90603,Older American,26187252,Yes,Closed with explanation,Web,"TRANSUNION INTERMEDIATE HOLDINGS, INC.",2026-08-31T23:58:04.000Z,CA,Company has responded to the consumer and the CFPB and chooses not to provide a public response,Their investigation did not fix an error on your report
Credit reporting or other personal consumer reports,2026-08-31T23:58:14.000Z,Incorrect information on your report,Credit reporting,75006,,26187077,Yes,In progress,Web,Experian Information Solutions Inc.,2026-08-31T23:57:52.000Z,TX,,Information belongs to someone else
Credit reporting or other personal consumer reports,2026-09-01T00:08:16.000Z,Problem with a company's investigation into an existing problem,Credit reporting,33598,,26188138,Yes,Closed with explanation,Web,"EQUIFAX, INC.",2026-08-31T23:57:49.000Z,FL,,Their investigation did not fix an error on your report
Debt collection,2026-09-11T21:08:38.000Z,False statements or representation,Telecommunications debt,94587,,26187467,Yes,Closed with non-monetary relief,Web,CL Holdings LLC,2026-08-31T23:57:45.000Z,CA,,Attempted to collect wrong amount
Credit reporting or other personal consumer reports,2026-08-31T23:58:09.000Z,Incorrect information on your report,Credit reporting,78212,Servicemember,26187075,Yes,In progress,Web,"TRANSUNION INTERMEDIATE HOLDINGS, INC.",2026-08-31T23:57:45.000Z,TX,,Account status incorrect
Credit reporting or other personal consumer reports,2026-08-31T23:58:12.000Z,Incorrect information on your report,Credit reporting,78212,Servicemember,26187074,Yes,In progress,Web,Experian Information Solutions Inc.,2026-08-31T23:57:45.000Z,TX,,Account status incorrect
Credit reporting or other personal consumer reports,2026-08-31T23:58:10.000Z,Incorrect information on your report,Credit reporting,78212,Servicemember,26187073,Yes,Closed with explanation,Web,"EQUIFAX, INC.",2026-08-31T23:57:45.000Z,TX,,Account status incorrect
Credit reporting or other personal consumer reports,2026-08-31T23:58:05.000Z,Incorrect information on your report,Credit reporting,19136,,26187071,Yes,In progress,Web,"TRANSUNION INTERMEDIATE HOLDINGS, INC.",2026-08-31T23:57:43.000Z,PA,,Account information incorrect
Credit reporting or other personal consumer reports,2026-08-31T23:58:05.000Z,Incorrect information on your report,Credit reporting,19136,,26187070,Yes,In progress,Web,Experian Information Solutions Inc.,2026-08-31T23:57:43.000Z,PA,,Account information incorrect
Credit reporting or other personal consumer reports,2026-09-01T00:00:03.000Z,Incorrect information on your report,Credit reporting,90201,,26187196,Yes,In progress,Web,"EQUIFAX, INC.",2026-08-31T23:57:42.000Z,CA,,Information belongs to someone else
Credit reporting or other personal consumer reports,2026-09-01T00:33:04.000Z,Incorrect information on your report,Credit reporting,29649,,26189465,Yes,Closed with non-monetary relief,Web,"EQUIFAX, INC.",2026-08-31T23:57:40.000Z,SC,,Account information incorrect
Credit reporting or other personal consumer reports,2026-09-01T00:00:31.000Z,Unable to get your credit report or credit score,Credit reporting,30265,,26187228,Yes,In progress,Web,"EQUIFAX, INC.",2026-08-31T23:57:40.000Z,GA,,Other problem getting your report or credit score
Credit reporting or other personal consumer reports,2026-09-01T00:00:02.000Z,Incorrect information on your report,Credit reporting,29045,,26187194,Yes,In progress,Web,Experian Information Solutions Inc.,2026-08-31T23:57:40.000Z,SC,,Information belongs to someone else
Credit reporting or other personal consumer reports,2026-09-01T00:00:21.000Z,Incorrect information on your report,Credit reporting,60620,,26187225,Yes,Closed with explanation,Web,"TRANSUNION INTERMEDIATE HOLDINGS, INC.",2026-08-31T23:57:39.000Z,IL,Company has responded to the consumer and the CFPB and chooses not to provide a public response,Information belongs to someone else
Credit reporting or other personal consumer reports,2026-08-31T23:58:01.000Z,Incorrect information on your report,Credit reporting,75093,,26187068,Yes,In progress,Web,Experian Information Solutions Inc.,2026-08-31T23:57:39.000Z,TX,,Information belongs to someone else
Credit reporting or other personal consumer reports,2026-08-31T23:58:00.000Z,Incorrect information on your report,Credit reporting,10280,,26187067,Yes,In progress,Web,"TRANSUNION INTERMEDIATE HOLDINGS, INC.",2026-08-31T23:57:38.000Z,NY,,Information belongs to someone else
Credit reporting or other personal consumer reports,2026-08-31T23:58:01.000Z,Incorrect information on your report,Credit reporting,10280,,26187066,Yes,In progress,Web,Experian Information Solutions Inc.,2026-08-31T23:57:38.000Z,NY,,Information belongs to someone else
Credit reporting or other personal consumer reports,2026-09-01T00:02:18.000Z,Incorrect information on your report,Credit reporting,78577,,26187276,Yes,In progress,Web,"EQUIFAX, INC.",2026-08-31T23:57:34.000Z,TX,,Account information incorrect
Credit reporting or other personal consumer reports,2026-09-01T00:03:27.000Z,Improper use of your report,Credit reporting,38614,,26187612,Yes,In progress,Web,"EQUIFAX, INC.",2026-08-31T23:57:33.000Z,MS,,Reporting company used your report improperly
Credit reporting or other personal consumer reports,2026-09-01T00:03:26.000Z,Improper use of your report,Credit reporting,38614,,26187610,Yes,In progress,Web,Experian Information Solutions Inc.,2026-08-31T23:57:32.000Z,MS,,Reporting company used your report improperly
Credit reporting or other personal consumer reports,2026-08-31T23:59:34.000Z,Improper use of your report,Credit reporting,33624,,26187163,Yes,In progress,Web,"TRANSUNION INTERMEDIATE HOLDINGS, INC.",2026-08-31T23:57:27.000Z,FL,,Reporting company used your report improperly
Credit reporting or other personal consumer reports,2026-09-01T00:01:52.000Z,Problem with a company's investigation into an existing problem,Credit reporting,30241,,26187268,Yes,In progress,Web,Experian Information Solutions Inc.,2026-08-31T23:57:24.000Z,GA,,Investigation took more than 30 days
Credit reporting or other personal consumer reports,2026-09-01T00:07:55.000Z,Problem with a company's investigation into an existing problem,Credit reporting,11220,,26188124,Yes,In progress,Web,Experian Information Solutions Inc.,2026-08-31T23:57:22.000Z,NY,,Their investigation did not fix an error on your report
Credit reporting or other personal consumer reports,2026-08-31T23:57:40.000Z,Incorrect information on your report,Credit reporting,71827,,26187059,Yes,Closed with non-monetary relief,Web,"EQUIFAX, INC.",2026-08-31T23:57:21.000Z,AR,,Personal information incorrect
Credit reporting or other personal consumer reports,2026-08-31T23:57:28.000Z,Incorrect information on your report,Credit reporting,30265,,26187044,Yes,In progress,Web,Experian Information Solutions Inc.,2026-08-31T23:57:08.000Z,GA,,Information belongs to someone else
Credit reporting or other personal consumer reports,2026-09-01T00:00:16.000Z,Problem with a company's investigation into an existing problem,Credit reporting,78504,,26187223,Yes,Closed with explanation,Web,"TRANSUNION INTERMEDIATE HOLDINGS, INC.",2026-08-31T23:57:06.000Z,TX,Company has responded to the consumer and the CFPB and chooses not to provide a public response,Investigation took more than 30 days
Credit reporting or other personal consumer reports,2026-08-31T23:59:27.000Z,Incorrect information on your report,Credit reporting,30127,,26187162,Yes,Closed with explanation,Web,"EQUIFAX, INC.",2026-08-31T23:57:05.000Z,GA,,Information belongs to someone else
Credit reporting or other personal consumer reports,2026-09-01T00:01:45.000Z,Incorrect information on your report,Credit reporting,60440,,26187263,Yes,Closed with explanation,Web,"EQUIFAX, INC.",2026-08-31T23:57:04.000Z,IL,,Information belongs to someone else
Credit reporting or other personal consumer reports,2026-09-01T00:09:31.000Z,Incorrect information on your report,Credit reporting,70341,,26188190,Yes,In progress,Web,Experian Information Solutions Inc.,2026-08-31T23:57:03.000Z,LA,,Information belongs to someone else
Debt collection,2026-08-31T23:59:45.000Z,Attempts to collect debt not owed,Credit card debt,,,26187189,Yes,Closed with explanation,Web,"Nelnet, Inc.",2026-08-31T23:57:03.000Z,KY,,Debt is not yours
Credit reporting or other personal consumer reports,2026-08-31T23:59:41.000Z,Problem with a company's investigation into an existing problem,Credit reporting,78504,,26187188,Yes,In progress,Web,Experian Information Solutions Inc.,2026-08-31T23:57:03.000Z,TX,,Investigation took more than 30 days
Credit reporting or other personal consumer reports,2026-09-01T00:00:47.000Z,Incorrect information on your report,Credit reporting,30127,,26187161,Yes,In progress,Web,Experian Information Solutions Inc.,2026-08-31T23:57:00.000Z,GA,,Information belongs to someone else
Credit reporting or other personal consumer reports,2026-09-01T00:07:49.000Z,Incorrect information on your report,Credit reporting,98198,,26188140,Yes,In progress,Web,Experian Information Solutions Inc.,2026-08-31T23:56:50.000Z,WA,,Information belongs to someone else
Credit reporting or other personal consumer reports,2026-08-31T23:58:55.000Z,Problem with a company's investigation into an existing problem,Credit reporting,90062,,26187150,Yes,In progress,Web,Experian Information Solutions Inc.,2026-08-31T23:56:40.000Z,CA,,Their investigation did not fix an error on your report
Credit reporting or other personal consumer reports,2026-09-01T00:03:06.000Z,Incorrect information on your report,Credit reporting,68111,,26187463,Yes,In progress,Web,"TRANSUNION INTERMEDIATE HOLDINGS, INC.",2026-08-31T23:56:37.000Z,NE,,Information belongs to someone else
Credit reporting or other personal consumer reports,2026-08-31T23:58:36.000Z,Incorrect information on your report,Credit reporting,76537,,26187111,Yes,In progress,Web,Experian Information Solutions Inc.,2026-08-31T23:56:31.000Z,TX,,Information belongs to someone else
Credit reporting or other personal consumer reports,2026-09-01T00:00:49.000Z,Unable to get your credit report or credit score,Credit reporting,93704,,26187231,Yes,In progress,Web,"EQUIFAX, INC.",2026-08-31T23:56:19.000Z,CA,,Other problem getting your report or credit score
Credit reporting or other personal consumer reports,2026-08-31T23:58:57.000Z,Incorrect information on your report,Credit reporting,18202,,26187151,Yes,Closed with explanation,Web,"TRANSUNION INTERMEDIATE HOLDINGS, INC.",2026-08-31T23:56:14.000Z,PA,Company has responded to the consumer and the CFPB and chooses not to provide a public response,Information belongs to someone else
Debt collection,2026-08-31T23:56:38.000Z,Attempts to collect debt not owed,Other debt,46615,,26187026,Yes,Closed with explanation,Web,"Rozlin Financial Group, Inc.",2026-08-31T23:56:14.000Z,IN,Company has responded to the consumer and the CFPB and chooses not to provide a public response,Debt is not yours
Credit reporting or other personal consumer reports,2026-09-01T00:14:20.000Z,Incorrect information on your report,Credit reporting,90301,,26188366,Yes,Closed with non-monetary relief,Web,"EQUIFAX, INC.",2026-08-31T23:56:13.000Z,CA,,Account information incorrect
Credit reporting or other personal consumer reports,2026-08-31T23:56:17.000Z,Improper use of your report,Credit reporting,93725,,26186991,Yes,Closed with explanation,Web,LEXISNEXIS,2026-08-31T23:55:58.000Z,CA,,Reporting company used your report improperly
Credit reporting or other personal consumer reports,2026-09-01T00:08:57.000Z,Problem with a company's investigation into an existing problem,Credit reporting,75068,Servicemember,26188152,Yes,Closed with non-monetary relief,Web,"EQUIFAX, INC.",2026-08-31T23:55:57.000Z,TX,,Their investigation did not fix an error on your report
Credit reporting or other personal consumer reports,2026-08-31T23:56:18.000Z,Improper use of your report,Credit reporting,93704,,26186988,Yes,Closed with explanation,Web,"TRANSUNION INTERMEDIATE HOLDINGS, INC.",2026-08-31T23:55:54.000Z,CA,Company has responded to the consumer and the CFPB and chooses not to provide a public response,Reporting company used your report improperly
Credit reporting or other personal consumer reports,2026-08-31T23:56:15.000Z,Improper use of your report,Credit reporting,10466,,26186987,Yes,Closed with explanation,Web,"TRANSUNION INTERMEDIATE HOLDINGS, INC.",2026-08-31T23:55:52.000Z,NY,Company has responded to the consumer and the CFPB and chooses not to provide a public response,Reporting company used your report improperly
Credit reporting or other personal consumer reports,2026-08-31T23:56:14.000Z,Improper use of your report,Credit reporting,10466,,26186986,Yes,In progress,Web,Experian Information Solutions Inc.,2026-08-31T23:55:52.000Z,NY,,Reporting company used your report improperly
Credit reporting or other personal consumer reports,2026-08-31T23:56:08.000Z,Improper use of your report,Credit reporting,34667,,26186983,Yes,Closed with explanation,Web,"TRANSUNION INTERMEDIATE HOLDINGS, INC.",2026-08-31T23:55:48.000Z,FL,Company has responded to the consumer and the CFPB and chooses not to provide a public response,Reporting company used your report improperly
Credit reporting or other personal consumer reports,2026-08-31T23:56:08.000Z,Improper use of your report,Credit reporting,34667,,26186982,Yes,In progress,Web,Experian Information Solutions Inc.,2026-08-31T23:55:48.000Z,FL,,Reporting company used your report improperly
Credit reporting or other personal consumer reports,2026-09-01T00:00:51.000Z,Incorrect information on your report,Credit reporting,78416,,26187230,Yes,Closed with explanation,Web,"EQUIFAX, INC.",2026-08-31T23:55:46.000Z,TX,,Information belongs to someone else
Credit reporting or other personal consumer reports,2026-08-31T23:57:59.000Z,Incorrect information on your report,Credit reporting,20120,,26187063,Yes,Closed with non-monetary relief,Web,LEXISNEXIS,2026-08-31T23:55:36.000Z,VA,,Information belongs to someone else
Credit reporting or other personal consumer reports,2026-08-31T23:55:59.000Z,Incorrect information on your report,Credit reporting,30349,,26186979,Yes,In progress,Web,"TRANSUNION INTERMEDIATE HOLDINGS, INC.",2026-08-31T23:55:36.000Z,GA,,Account information incorrect
Credit reporting or other personal consumer reports,2026-08-31T23:56:01.000Z,Incorrect information on your report,Credit reporting,30349,,26186978,Yes,Closed with non-monetary relief,Web,"EQUIFAX, INC.",2026-08-31T23:55:36.000Z,GA,,Account information incorrect
Credit reporting or other personal consumer reports,2026-08-31T23:59:10.000Z,Problem with a company's investigation into an existing problem,Credit reporting,70605,,26187156,Yes,In progress,Web,"TRANSUNION INTERMEDIATE HOLDINGS, INC.",2026-08-31T23:55:33.000Z,LA,,Investigation took more than 30 days
Credit reporting or other personal consumer reports,2026-08-31T23:58:30.000Z,Incorrect information on your report,Credit reporting,96701,,26187108,Yes,Closed with non-monetary relief,Web,"EQUIFAX, INC.",2026-08-31T23:55:33.000Z,HI,,Personal information incorrect
Credit reporting or other personal consumer reports,2026-08-31T23:57:30.000Z,Incorrect information on your report,Credit reporting,33157,,26187041,Yes,In progress,Web,"TRANSUNION INTERMEDIATE HOLDINGS, INC.",2026-08-31T23:55:31.000Z,FL,,Personal information incorrect
Credit reporting or other personal consumer reports,2026-09-01T00:02:18.000Z,Incorrect information on your report,Credit reporting,77489,,26187278,Yes,Closed with explanation,Web,"EQUIFAX, INC.",2026-08-31T23:55:29.000Z,TX,,Information belongs to someone else
Credit reporting or other personal consumer reports,2026-08-31T23:58:18.000Z,Incorrect information on your report,Credit reporting,92345,,26187107,Yes,In progress,Web,"TRANSUNION INTERMEDIATE HOLDINGS, INC.",2026-08-31T23:55:28.000Z,CA,,Public record information inaccurate
Credit reporting or other personal consumer reports,2026-08-31T23:55:47.000Z,Problem with a company's investigation into an existing problem,Credit reporting,02128,,26186976,Yes,Closed with explanation,Web,"TRANSUNION INTERMEDIATE HOLDINGS, INC.",2026-08-31T23:55:25.000Z,MA,Company has responded to the consumer and the CFPB and chooses not to provide a public response,Investigation took more than 30 days
Credit reporting or other personal consumer reports,2026-08-31T23:55:47.000Z,Problem with a company's investigation into an existing problem,Credit reporting,02128,,26186975,Yes,In progress,Web,Experian Information Solutions Inc.,2026-08-31T23:55:25.000Z,MA,,Investigation took more than 30 days
Credit reporting or other personal consumer reports,2026-09-01T00:05:04.000Z,Incorrect information on your report,Credit reporting,76063,,26188047,Yes,Closed with explanation,Web,"EQUIFAX, INC.",2026-08-31T23:59:58.000Z,TX,,Information belongs to someone else
Credit reporting or other personal consumer reports,2026-09-01T00:02:22.000Z,Incorrect information on your report,Credit reporting,90201,,26187281,Yes,In progress,Web,"TRANSUNION INTERMEDIATE HOLDINGS, INC.",2026-08-31T23:59:58.000Z,CA,,Information belongs to someone else
Credit reporting or other personal consumer reports,2026-09-01T00:05:02.000Z,Incorrect information on your report,Credit reporting,92592,,26188039,Yes,Closed with explanation,Web,"EQUIFAX, INC.",2026-08-31T23:59:48.000Z,CA,,Information belongs to someone else
Credit reporting or other personal consumer reports,2026-09-01T00:05:21.000Z,Incorrect information on your report,Credit reporting,78572,,26188068,Yes,In progress,Web,"TRANSUNION INTERMEDIATE HOLDINGS, INC.",2026-08-31T23:59:43.000Z,TX,,Information belongs to someone else
Credit reporting or other personal consumer reports,2026-09-01T00:06:47.000Z,Problem with a company's investigation into an existing problem,Credit reporting,20002,,26188107,Yes,In progress,Web,Experian Information Solutions Inc.,2026-08-31T23:59:42.000Z,DC,,Investigation took more than 30 days
Credit reporting or other personal consumer reports,2026-09-01T00:05:25.000Z,Incorrect information on your report,Credit reporting,78572,,26188067,Yes,In progress,Web,"EQUIFAX, INC.",2026-08-31T23:59:42.000Z,TX,,Information belongs to someone else
Credit reporting or other personal consumer reports,2026-09-01T00:05:23.000Z,Incorrect information on your report,Credit reporting,78572,,26188061,Yes,In progress,Web,"TRANSUNION INTERMEDIATE HOLDINGS, INC.",2026-08-31T23:59:41.000Z,TX,,Account status incorrect
Credit reporting or other personal consumer reports,2026-09-01T00:05:15.000Z,Incorrect information on your report,Credit reporting,78572,,26188057,Yes,In progress,Web,"EQUIFAX, INC.",2026-08-31T23:59:40.000Z,TX,,Account status incorrect
Credit reporting or other personal consumer reports,2026-09-01T00:04:19.000Z,Incorrect information on your report,Credit reporting,78572,,26187816,Yes,In progress,Web,Experian Information Solutions Inc.,2026-08-31T23:59:39.000Z,TX,,Account information incorrect
Debt collection,2026-09-01T00:11:12.000Z,Took or threatened to take negative or legal action,I do not know,33311,,26188237,Yes,Closed with explanation,Web,TekCollect Inc.,2026-08-31T23:59:38.000Z,FL,Company believes the complaint provided an opportunity to answer consumer's questions,Threatened or suggested your credit would be damaged
Debt collection,2026-09-01T00:04:09.000Z,Attempts to collect debt not owed,Other debt,19802,,26187813,Yes,Closed with explanation,Web,"Affirm Holdings, Inc",2026-08-31T23:59:35.000Z,DE,,Debt was paid
Credit reporting or other personal consumer reports,2026-09-01T00:18:45.000Z,Incorrect information on your report,Credit reporting,20010,,26188488,Yes,In progress,Web,Experian Information Solutions Inc.,2026-08-31T23:59:32.000Z,DC,,Information belongs to someone else
Credit reporting or other personal consumer reports,2026-08-31T23:59:55.000Z,Incorrect information on your report,Credit reporting,27704,,26187192,Yes,Closed with non-monetary relief,Web,"EQUIFAX, INC.",2026-08-31T23:59:31.000Z,NC,,Information belongs to someone else
Credit reporting or other personal consumer reports,2026-08-31T23:59:55.000Z,Incorrect information on your report,Credit reporting,27704,,26187191,Yes,In progress,Web,Experian Information Solutions Inc.,2026-08-31T23:59:31.000Z,NC,,Information belongs to someone else
Credit reporting or other personal consumer reports,2026-09-01T00:01:14.000Z,Problem with a company's investigation into an existing problem,Credit reporting,34120,,26187250,Yes,In progress,Web,Experian Information Solutions Inc.,2026-08-31T23:59:19.000Z,FL,,Investigation took more than 30 days
Credit reporting or other personal consumer reports,2026-09-01T00:02:46.000Z,Incorrect information on your report,Credit reporting,32726,,26187294,Yes,In progress,Web,Experian Information Solutions Inc.,2026-08-31T23:59:09.000Z,FL,,Information belongs to someone else
Credit reporting or other personal consumer reports,2026-09-01T00:03:46.000Z,Improper use of your report,Credit reporting,92555,,26187614,Yes,In progress,Web,"EQUIFAX, INC.",2026-08-31T23:59:07.000Z,CA,,Reporting company used your report improperly
Credit reporting or other personal consumer reports,2026-09-01T01:20:50.000Z,Problem with a company's investigation into an existing issue,Other personal consumer report,91344,,26192112,Yes,Closed with explanation,Web,"Fidelity National Information Services, Inc. (FNIS)",2026-08-31T23:59:04.000Z,CA,Company has responded to the consumer and the CFPB and chooses not to provide a public response,Problem with personal statement of dispute
Credit reporting or other personal consumer reports,2026-09-01T00:05:11.000Z,Incorrect information on your report,Credit reporting,33162,,26188050,Yes,Closed with explanation,Web,"EQUIFAX, INC.",2026-08-31T23:59:04.000Z,FL,,Information belongs to someone else
Credit reporting or other personal consumer reports,2026-09-01T00:16:38.000Z,Problem with a company's investigation into an existing problem,Credit reporting,13057,,26188425,Yes,In progress,Web,"TRANSUNION INTERMEDIATE HOLDINGS, INC.",2026-08-31T23:58:56.000Z,NY,,Their investigation did not fix an error on your report
Credit reporting or other personal consumer reports,2026-08-31T23:59:18.000Z,Incorrect information on your report,Credit reporting,75189,,26187159,Yes,In progress,Web,"EQUIFAX, INC.",2026-08-31T23:58:55.000Z,TX,,Account information incorrect
Credit reporting or other personal consumer reports,2026-09-01T00:02:25.000Z,Problem with a company's investigation into an existing problem,Credit reporting,30004,,26187282,Yes,Closed with explanation,Web,"TRANSUNION INTERMEDIATE HOLDINGS, INC.",2026-08-31T23:58:54.000Z,GA,Company has responded to the consumer and the CFPB and chooses not to provide a public response,Investigation took more than 30 days
Credit reporting or other personal consumer reports,2026-09-01T00:01:11.000Z,Problem with a company's investigation into an existing problem,Credit reporting,90062,,26187248,Yes,Closed with explanation,Web,"TRANSUNION INTERMEDIATE HOLDINGS, INC.",2026-08-31T23:58:54.000Z,CA,Company has responded to the consumer and the CFPB and chooses not to provide a public response,Investigation took more than 30 days
Checking or savings account,2026-09-01T00:23:08.000Z,Managing an account,Checking account,95616,,26188711,Yes,Closed with explanation,Web,JPMORGAN CHASE & CO.,2026-08-31T23:58:45.000Z,CA,,Deposits and withdrawals
Credit reporting or other personal consumer reports,2026-09-01T00:02:24.000Z,Incorrect information on your report,Credit reporting,00771,,26187283,Yes,In progress,Web,"EQUIFAX, INC.",2026-08-31T23:58:42.000Z,PR,,Account information incorrect
Credit reporting or other personal consumer reports,2026-09-01T00:14:26.000Z,Improper use of your report,Credit reporting,23009,,26188368,Yes,In progress,Web,"EQUIFAX, INC.",2026-08-31T23:58:40.000Z,VA,,Reporting company used your report improperly
Credit reporting or other personal consumer reports,2026-09-01T00:01:02.000Z,Incorrect information on your report,Credit reporting,30331,,26187241,Yes,Closed with explanation,Web,"TRANSUNION INTERMEDIATE HOLDINGS, INC.",2026-08-31T23:58:32.000Z,GA,Company has responded to the consumer and the CFPB and chooses not to provide a public response,Account information incorrect
Credit reporting or other personal consumer reports,2026-09-01T00:06:21.000Z,Problem with a company's investigation into an existing problem,Credit reporting,39046,,26188097,Yes,In progress,Web,"TRANSUNION INTERMEDIATE HOLDINGS, INC.",2026-08-31T23:58:30.000Z,MS,,Their investigation did not fix an error on your report
Credit reporting or other personal consumer reports,2026-08-31T23:58:51.000Z,Problem with a company's investigation into an existing problem,Credit reporting,33311,,26187149,Yes,In progress,Web,"TRANSUNION INTERMEDIATE HOLDINGS, INC.",2026-08-31T23:58:30.000Z,FL,,Investigation took more than 30 days
Credit reporting or other personal consumer reports,2026-09-01T00:02:42.000Z,Incorrect information on your report,Credit reporting,78212,,26187296,Yes,Closed with explanation,Web,"TRANSUNION INTERMEDIATE HOLDINGS, INC.",2026-08-31T23:58:29.000Z,TX,Company has responded to the consumer and the CFPB and chooses not to provide a public response,Information belongs to someone else
Credit reporting or other personal consumer reports,2026-08-31T23:58:53.000Z,Improper use of your report,Credit reporting,78599,,26187119,Yes,Closed with explanation,Web,"EQUIFAX, INC.",2026-08-31T23:58:28.000Z,TX,,Report provided to employer without your written authorization
Credit reporting or other personal consumer reports,2026-08-31T23:58:53.000Z,Improper use of your report,Credit reporting,78599,,26187118,Yes,In progress,Web,Experian Information Solutions Inc.,2026-08-31T23:58:28.000Z,TX,,Report provided to employer without your written authorization
Credit reporting or other personal consumer reports,2026-09-01T00:01:36.000Z,Incorrect information on your report,Credit reporting,33859,,26187259,Yes,Closed with explanation,Web,"TRANSUNION INTERMEDIATE HOLDINGS, INC.",2026-08-31T23:58:27.000Z,FL,Company has responded to the consumer and the CFPB and chooses not to provide a public response,Information belongs to someone else
Credit reporting or other personal consumer reports,2026-09-01T02:00:25.000Z,Incorrect information on your report,Credit reporting,76537,,26187224,Yes,In progress,Web,"TRANSUNION INTERMEDIATE HOLDINGS, INC.",2026-08-31T23:58:24.000Z,TX,,Information belongs to someone else
Credit reporting or other personal consumer reports,2026-09-01T00:01:02.000Z,Incorrect information on your report,Credit reporting,30328,,26187247,Yes,Closed with explanation,Web,"EQUIFAX, INC.",2026-08-31T23:58:20.000Z,GA,,Information belongs to someone else
Credit reporting or other personal consumer reports,2026-09-01T00:02:16.000Z,Improper use of your report,Credit reporting,77477,,26187277,Yes,In progress,Web,Experian Information Solutions Inc.,2026-08-31T23:58:19.000Z,TX,,Reporting company used your report improperly
Credit reporting or other personal consumer reports,2026-09-01T00:02:23.000Z,Improper use of your report,Credit reporting,77477,,26187284,Yes,Closed with explanation,Web,"TRANSUNION INTERMEDIATE HOLDINGS, INC.",2026-08-31T23:58:18.000Z,TX,Company has responded to the consumer and the CFPB and chooses not to provide a public response,Reporting company used your report improperly
Credit reporting or other personal consumer reports,2026-09-01T00:03:23.000Z,Incorrect information on your report,Credit reporting,75093,,26187607,Yes,In progress,Web,"TRANSUNION INTERMEDIATE HOLDINGS, INC.",2026-08-31T23:58:11.000Z,TX,,Information belongs to someone else
Credit reporting or other personal consumer reports,2026-09-01T00:02:55.000Z,Incorrect information on your report,Credit reporting,07514,,26187458,Yes,In progress,Web,Experian Information Solutions Inc.,2026-08-31T23:58:10.000Z,NJ,,Information belongs to someone else
Debt collection,2026-09-01T00:01:50.000Z,Attempts to collect debt not owed,I do not know,33166,,26187267,Yes,Closed with explanation,Web,Synergetic Communication Inc,2026-08-31T23:58:09.000Z,FL,,Debt is not yours
Credit reporting or other personal consumer reports,2026-09-01T00:02:15.000Z,Improper use of your report,Credit reporting,77477,,26187275,Yes,Closed with explanation,Web,"EQUIFAX, INC.",2026-08-31T23:58:06.000Z,TX,,Reporting company used your report improperly
Credit reporting or other personal consumer reports,2026-09-01T00:01:02.000Z,Incorrect information on your report,Credit reporting,78109,,26187246,Yes,In progress,Web,Experian Information Solutions Inc.,2026-08-31T23:58:06.000Z,TX,,Account status incorrect
Credit reporting or other personal consumer reports,2026-09-01T00:01:30.000Z,Problem with a company's investigation into an existing problem,Credit reporting,90603,Older American,26187252,Yes,Closed with explanation,Web,"TRANSUNION INTERMEDIATE HOLDINGS, INC.",2026-08-31T23:58:04.000Z,CA,Company has responded to the consumer and the CFPB and chooses not to provide a public response,Their investigation did not fix an error on your report
Credit reporting or other personal consumer reports,2026-08-31T23:58:14.000Z,Incorrect information on your report,Credit reporting,75006,,26187077,Yes,In progress,Web,Experian Information Solutions Inc.,2026-08-31T23:57:52.000Z,TX,,Information belongs to someone else
Credit reporting or other personal consumer reports,2026-09-01T00:08:16.000Z,Problem with a company's investigation into an existing problem,Credit reporting,33598,,26188138,Yes,Closed with explanation,Web,"EQUIFAX, INC.",2026-08-31T23:57:49.000Z,FL,,Their investigation did not fix an error on your report
Debt collection,2026-09-11T21:08:38.000Z,False statements or representation,Telecommunications debt,94587,,26187467,Yes,Closed with non-monetary relief,Web,CL Holdings LLC,2026-08-31T23:57:45.000Z,CA,,Attempted to collect wrong amount
Credit reporting or other personal consumer reports,2026-08-31T23:58:09.000Z,Incorrect information on your report,Credit reporting,78212,Servicemember,26187075,Yes,In progress,Web,"TRANSUNION INTERMEDIATE HOLDINGS, INC.",2026-08-31T23:57:45.000Z,TX,,Account status incorrect
Credit reporting or other personal consumer reports,2026-08-31T23:58:12.000Z,Incorrect information on your report,Credit reporting,78212,Servicemember,26187074,Yes,In progress,Web,Experian Information Solutions Inc.,2026-08-31T23:57:45.000Z,TX,,Account status incorrect
Credit reporting or other personal consumer reports,2026-08-31T23:58:10.000Z,Incorrect information on your report,Credit reporting,78212,Servicemember,26187073,Yes,Closed with explanation,Web,"EQUIFAX, INC.",2026-08-31T23:57:45.000Z,TX,,Account status incorrect
Credit reporting or other personal consumer reports,2026-08-31T23:58:05.000Z,Incorrect information on your report,Credit reporting,19136,,26187071,Yes,In progress,Web,"TRANSUNION INTERMEDIATE HOLDINGS, INC.",2026-08-31T23:57:43.000Z,PA,,Account information incorrect
Credit reporting or other personal consumer reports,2026-08-31T23:58:05.000Z,Incorrect information on your report,Credit reporting,19136,,26187070,Yes,In progress,Web,Experian Information Solutions Inc.,2026-08-31T23:57:43.000Z,PA,,Account information incorrect
Credit reporting or other personal consumer reports,2026-09-01T00:00:03.000Z,Incorrect information on your report,Credit reporting,90201,,26187196,Yes,In progress,Web,"EQUIFAX, INC.",2026-08-31T23:57:42.000Z,CA,,Information belongs to someone else
Credit reporting or other personal consumer reports,2026-09-01T00:33:04.000Z,Incorrect information on your report,Credit reporting,29649,,26189465,Yes,Closed with non-monetary relief,Web,"EQUIFAX, INC.",2026-08-31T23:57:40.000Z,SC,,Account information incorrect
Credit reporting or other personal consumer reports,2026-09-01T00:00:31.000Z,Unable to get your credit report or credit score,Credit reporting,30265,,26187228,Yes,In progress,Web,"EQUIFAX, INC.",2026-08-31T23:57:40.000Z,GA,,Other problem getting your report or credit score
Credit reporting or other personal consumer reports,2026-09-01T00:00:02.000Z,Incorrect information on your report,Credit reporting,29045,,26187194,Yes,In progress,Web,Experian Information Solutions Inc.,2026-08-31T23:57:40.000Z,SC,,Information belongs to someone else
Credit reporting or other personal consumer reports,2026-09-01T00:00:21.000Z,Incorrect information on your report,Credit reporting,60620,,26187225,Yes,Closed with explanation,Web,"TRANSUNION INTERMEDIATE HOLDINGS, INC.",2026-08-31T23:57:39.000Z,IL,Company has responded to the consumer and the CFPB and chooses not to provide a public response,Information belongs to someone else
Credit reporting or other personal consumer reports,2026-08-31T23:58:01.000Z,Incorrect information on your report,Credit reporting,75093,,26187068,Yes,In progress,Web,Experian Information Solutions Inc.,2026-08-31T23:57:39.000Z,TX,,Information belongs to someone else
Credit reporting or other personal consumer reports,2026-08-31T23:58:00.000Z,Incorrect information on your report,Credit reporting,10280,,26187067,Yes,In progress,Web,"TRANSUNION INTERMEDIATE HOLDINGS, INC.",2026-08-31T23:57:38.000Z,NY,,Information belongs to someone else
Credit reporting or other personal consumer reports,2026-08-31T23:58:01.000Z,Incorrect information on your report,Credit reporting,10280,,26187066,Yes,In progress,Web,Experian Information Solutions Inc.,2026-08-31T23:57:38.000Z,NY,,Information belongs to someone else
Credit reporting or other personal consumer reports,2026-09-01T00:02:18.000Z,Incorrect information on your report,Credit reporting,78577,,26187276,Yes,In progress,Web,"EQUIFAX, INC.",2026-08-31T23:57:34.000Z,TX,,Account information incorrect
Credit reporting or other personal consumer reports,2026-09-01T00:03:27.000Z,Improper use of your report,Credit reporting,38614,,26187612,Yes,In progress,Web,"EQUIFAX, INC.",2026-08-31T23:57:33.000Z,MS,,Reporting company used your report improperly
Credit reporting or other personal consumer reports,2026-09-01T00:03:26.000Z,Improper use of your report,Credit reporting,38614,,26187610,Yes,In progress,Web,Experian Information Solutions Inc.,2026-08-31T23:57:32.000Z,MS,,Reporting company used your report improperly
Credit reporting or other personal consumer reports,2026-08-31T23:59:34.000Z,Improper use of your report,Credit reporting,33624,,26187163,Yes,In progress,Web,"TRANSUNION INTERMEDIATE HOLDINGS, INC.",2026-08-31T23:57:27.000Z,FL,,Reporting company used your report improperly
Credit reporting or other personal consumer reports,2026-09-01T00:01:52.000Z,Problem with a company's investigation into an existing problem,Credit reporting,30241,,26187268,Yes,In progress,Web,Experian Information Solutions Inc.,2026-08-31T23:57:24.000Z,GA,,Investigation took more than 30 days
Credit reporting or other personal consumer reports,2026-09-01T00:07:55.000Z,Problem with a company's investigation into an existing problem,Credit reporting,11220,,26188124,Yes,In progress,Web,Experian Information Solutions Inc.,2026-08-31T23:57:22.000Z,NY,,Their investigation did not fix an error on your report
Credit reporting or other personal consumer reports,2026-08-31T23:57:40.000Z,Incorrect information on your report,Credit reporting,71827,,26187059,Yes,Closed with non-monetary relief,Web,"EQUIFAX, INC.",2026-08-31T23:57:21.000Z,AR,,Personal information incorrect
Credit reporting or other personal consumer reports,2026-08-31T23:57:28.000Z,Incorrect information on your report,Credit reporting,30265,,26187044,Yes,In progress,Web,Experian Information Solutions Inc.,2026-08-31T23:57:08.000Z,GA,,Information belongs to someone else
Credit reporting or other personal consumer reports,2026-09-01T00:00:16.000Z,Problem with a company's investigation into an existing problem,Credit reporting,78504,,26187223,Yes,Closed with explanation,Web,"TRANSUNION INTERMEDIATE HOLDINGS, INC.",2026-08-31T23:57:06.000Z,TX,Company has responded to the consumer and the CFPB and chooses not to provide a public response,Investigation took more than 30 days
Credit reporting or other personal consumer reports,2026-08-31T23:59:27.000Z,Incorrect information on your report,Credit reporting,30127,,26187162,Yes,Closed with explanation,Web,"EQUIFAX, INC.",2026-08-31T23:57:05.000Z,GA,,Information belongs to someone else
Credit reporting or other personal consumer reports,2026-09-01T00:01:45.000Z,Incorrect information on your report,Credit reporting,60440,,26187263,Yes,Closed with explanation,Web,"EQUIFAX, INC.",2026-08-31T23:57:04.000Z,IL,,Information belongs to someone else
Credit reporting or other personal consumer reports,2026-09-01T00:09:31.000Z,Incorrect information on your report,Credit reporting,70341,,26188190,Yes,In progress,Web,Experian Information Solutions Inc.,2026-08-31T23:57:03.000Z,LA,,Information belongs to someone else
Debt collection,2026-08-31T23:59:45.000Z,Attempts to collect debt not owed,Credit card debt,,,26187189,Yes,Closed with explanation,Web,"Nelnet, Inc.",2026-08-31T23:57:03.000Z,KY,,Debt is not yours
Credit reporting or other personal consumer reports,2026-08-31T23:59:41.000Z,Problem with a company's investigation into an existing problem,Credit reporting,78504,,26187188,Yes,In progress,Web,Experian Information Solutions Inc.,2026-08-31T23:57:03.000Z,TX,,Investigation took more than 30 days
Credit reporting or other personal consumer reports,2026-09-01T00:00:47.000Z,Incorrect information on your report,Credit reporting,30127,,26187161,Yes,In progress,Web,Experian Information Solutions Inc.,2026-08-31T23:57:00.000Z,GA,,Information belongs to someone else
Credit reporting or other personal consumer reports,2026-09-01T00:07:49.000Z,Incorrect information on your report,Credit reporting,98198,,26188140,Yes,In progress,Web,Experian Information Solutions Inc.,2026-08-31T23:56:50.000Z,WA,,Information belongs to someone else
Credit reporting or other personal consumer reports,2026-08-31T23:58:55.000Z,Problem with a company's investigation into an existing problem,Credit reporting,90062,,26187150,Yes,In progress,Web,Experian Information Solutions Inc.,2026-08-31T23:56:40.000Z,CA,,Their investigation did not fix an error on your report
Credit reporting or other personal consumer reports,2026-09-01T00:03:06.000Z,Incorrect information on your report,Credit reporting,68111,,26187463,Yes,In progress,Web,"TRANSUNION INTERMEDIATE HOLDINGS, INC.",2026-08-31T23:56:37.000Z,NE,,Information belongs to someone else
Credit reporting or other personal consumer reports,2026-08-31T23:58:36.000Z,Incorrect information on your report,Credit reporting,76537,,26187111,Yes,In progress,Web,Experian Information Solutions Inc.,2026-08-31T23:56:31.000Z,TX,,Information belongs to someone else
Credit reporting or other personal consumer reports,2026-09-01T00:00:49.000Z,Unable to get your credit report or credit score,Credit reporting,93704,,26187231,Yes,In progress,Web,"EQUIFAX, INC.",2026-08-31T23:56:19.000Z,CA,,Other problem getting your report or credit score
Credit reporting or other personal consumer reports,2026-08-31T23:58:57.000Z,Incorrect information on your report,Credit reporting,18202,,26187151,Yes,Closed with explanation,Web,"TRANSUNION INTERMEDIATE HOLDINGS, INC.",2026-08-31T23:56:14.000Z,PA,Company has responded to the consumer and the CFPB and chooses not to provide a public response,Information belongs to someone else
Debt collection,2026-08-31T23:56:38.000Z,Attempts to collect debt not owed,Other debt,46615,,26187026,Yes,Closed with explanation,Web,"Rozlin Financial Group, Inc.",2026-08-31T23:56:14.000Z,IN,Company has responded to the consumer and the CFPB and chooses not to provide a public response,Debt is not yours
Credit reporting or other personal consumer reports,2026-09-01T00:14:20.000Z,Incorrect information on your report,Credit reporting,90301,,26188366,Yes,Closed with non-monetary relief,Web,"EQUIFAX, INC.",2026-08-31T23:56:13.000Z,CA,,Account information incorrect
Credit reporting or other personal consumer reports,2026-08-31T23:56:17.000Z,Improper use of your report,Credit reporting,93725,,26186991,Yes,Closed with explanation,Web,LEXISNEXIS,2026-08-31T23:55:58.000Z,CA,,Reporting company used your report improperly
Credit reporting or other personal consumer reports,2026-09-01T00:08:57.000Z,Problem with a company's investigation into an existing problem,Credit reporting,75068,Servicemember,26188152,Yes,Closed with non-monetary relief,Web,"EQUIFAX, INC.",2026-08-31T23:55:57.000Z,TX,,Their investigation did not fix an error on your report
Credit reporting or other personal consumer reports,2026-08-31T23:56:18.000Z,Improper use of your report,Credit reporting,93704,,26186988,Yes,Closed with explanation,Web,"TRANSUNION INTERMEDIATE HOLDINGS, INC.",2026-08-31T23:55:54.000Z,CA,Company has responded to the consumer and the CFPB and chooses not to provide a public response,Reporting company used your report improperly
Credit reporting or other personal consumer reports,2026-08-31T23:56:15.000Z,Improper use of your report,Credit reporting,10466,,26186987,Yes,Closed with explanation,Web,"TRANSUNION INTERMEDIATE HOLDINGS, INC.",2026-08-31T23:55:52.000Z,NY,Company has responded to the consumer and the CFPB and chooses not to provide a public response,Reporting company used your report improperly
Credit reporting or other personal consumer reports,2026-08-31T23:56:14.000Z,Improper use of your report,Credit reporting,10466,,26186986,Yes,In progress,Web,Experian Information Solutions Inc.,2026-08-31T23:55:52.000Z,NY,,Reporting company used your report improperly
Credit reporting or other personal consumer reports,2026-08-31T23:56:08.000Z,Improper use of your report,Credit reporting,34667,,26186983,Yes,Closed with explanation,Web,"TRANSUNION INTERMEDIATE HOLDINGS, INC.",2026-08-31T23:55:48.000Z,FL,Company has responded to the consumer and the CFPB and chooses not to provide a public response,Reporting company used your report improperly
Credit reporting or other personal consumer reports,2026-08-31T23:56:08.000Z,Improper use of your report,Credit reporting,34667,,26186982,Yes,In progress,Web,Experian Information Solutions Inc.,2026-08-31T23:55:48.000Z,FL,,Reporting company used your report improperly
Credit reporting or other personal consumer reports,2026-09-01T00:00:51.000Z,Incorrect information on your report,Credit reporting,78416,,26187230,Yes,Closed with explanation,Web,"EQUIFAX, INC.",2026-08-31T23:55:46.000Z,TX,,Information belongs to someone else
Credit reporting or other personal consumer reports,2026-08-31T23:57:59.000Z,Incorrect information on your report,Credit reporting,20120,,26187063,Yes,Closed with non-monetary relief,Web,LEXISNEXIS,2026-08-31T23:55:36.000Z,VA,,Information belongs to someone else
Credit reporting or other personal consumer reports,2026-08-31T23:55:59.000Z,Incorrect information on your report,Credit reporting,30349,,26186979,Yes,In progress,Web,"TRANSUNION INTERMEDIATE HOLDINGS, INC.",2026-08-31T23:55:36.000Z,GA,,Account information incorrect
Credit reporting or other personal consumer reports,2026-08-31T23:56:01.000Z,Incorrect information on your report,Credit reporting,30349,,26186978,Yes,Closed with non-monetary relief,Web,"EQUIFAX, INC.",2026-08-31T23:55:36.000Z,GA,,Account information incorrect
Credit reporting or other personal consumer reports,2026-08-31T23:59:10.000Z,Problem with a company's investigation into an existing problem,Credit reporting,70605,,26187156,Yes,In progress,Web,"TRANSUNION INTERMEDIATE HOLDINGS, INC.",2026-08-31T23:55:33.000Z,LA,,Investigation took more than 30 days
Credit reporting or other personal consumer reports,2026-08-31T23:58:30.000Z,Incorrect information on your report,Credit reporting,96701,,26187108,Yes,Closed with non-monetary relief,Web,"EQUIFAX, INC.",2026-08-31T23:55:33.000Z,HI,,Personal information incorrect
Credit reporting or other personal consumer reports,2026-08-31T23:57:30.000Z,Incorrect information on your report,Credit reporting,33157,,26187041,Yes,In progress,Web,"TRANSUNION INTERMEDIATE HOLDINGS, INC.",2026-08-31T23:55:31.000Z,FL,,Personal information incorrect
Credit reporting or other personal consumer reports,2026-09-01T00:02:18.000Z,Incorrect information on your report,Credit reporting,77489,,26187278,Yes,Closed with explanation,Web,"EQUIFAX, INC.",2026-08-31T23:55:29.000Z,TX,,Information belongs to someone else
Credit reporting or other personal consumer reports,2026-08-31T23:58:18.000Z,Incorrect information on your report,Credit reporting,92345,,26187107,Yes,In progress,Web,"TRANSUNION INTERMEDIATE HOLDINGS, INC.",2026-08-31T23:55:28.000Z,CA,,Public record information inaccurate
Credit reporting or other personal consumer reports,2026-08-31T23:55:47.000Z,Problem with a company's investigation into an existing problem,Credit reporting,02128,,26186976,Yes,Closed with explanation,Web,"TRANSUNION INTERMEDIATE HOLDINGS, INC.",2026-08-31T23:55:25.000Z,MA,Company has responded to the consumer and the CFPB and chooses not to provide a public response,Investigation took more than 30 days
Credit reporting or other personal consumer reports,2026-08-31T23:55:47.000Z,Problem with a company's investigation into an existing problem,Credit reporting,02128,,26186975,Yes,In progress,Web,Experian Information Solutions Inc.,2026-08-31T23:55:25.000Z,MA,,Investigation took more than 30 days
Credit reporting or other personal consumer reports,2026-09-01T00:05:04.000Z,Incorrect information on your report,Credit reporting,76063,,26188047,Yes,Closed with explanation,Web,"EQUIFAX, INC.",2026-08-31T23:59:58.000Z,TX,,Information belongs to someone else
Credit reporting or other personal consumer reports,2026-09-01T00:02:22.000Z,Incorrect information on your report,Credit reporting,90201,,26187281,Yes,In progress,Web,"TRANSUNION INTERMEDIATE HOLDINGS, INC.",2026-08-31T23:59:58.000Z,CA,,Information belongs to someone else
Credit reporting or other personal consumer reports,2026-09-01T00:05:02.000Z,Incorrect information on your report,Credit reporting,92592,,26188039,Yes,Closed with explanation,Web,"EQUIFAX, INC.",2026-08-31T23:59:48.000Z,CA,,Information belongs to someone else
Credit reporting or other personal consumer reports,2026-09-01T00:05:21.000Z,Incorrect information on your report,Credit reporting,78572,,26188068,Yes,In progress,Web,"TRANSUNION INTERMEDIATE HOLDINGS, INC.",2026-08-31T23:59:43.000Z,TX,,Information belongs to someone else
Credit reporting or other personal consumer reports,2026-09-01T00:06:47.000Z,Problem with a company's investigation into an existing problem,Credit reporting,20002,,26188107,Yes,In progress,Web,Experian Information Solutions Inc.,2026-08-31T23:59:42.000Z,DC,,Investigation took more than 30 days
Credit reporting or other personal consumer reports,2026-09-01T00:05:25.000Z,Incorrect information on your report,Credit reporting,78572,,26188067,Yes,In progress,Web,"EQUIFAX, INC.",2026-08-31T23:59:42.000Z,TX,,Information belongs to someone else
Credit reporting or other personal consumer reports,2026-09-01T00:05:23.000Z,Incorrect information on your report,Credit reporting,78572,,26188061,Yes,In progress,Web,"TRANSUNION INTERMEDIATE HOLDINGS, INC.",2026-08-31T23:59:41.000Z,TX,,Account status incorrect
Credit reporting or other personal consumer reports,2026-09-01T00:05:15.000Z,Incorrect information on your report,Credit reporting,78572,,26188057,Yes,In progress,Web,"EQUIFAX, INC.",2026-08-31T23:59:40.000Z,TX,,Account status incorrect
Credit reporting or other personal consumer reports,2026-09-01T00:04:19.000Z,Incorrect information on your report,Credit reporting,78572,,26187816,Yes,In progress,Web,Experian Information Solutions Inc.,2026-08-31T23:59:39.000Z,TX,,Account information incorrect
Debt collection,2026-09-01T00:11:12.000Z,Took or threatened to take negative or legal action,I do not know,33311,,26188237,Yes,Closed with explanation,Web,TekCollect Inc.,2026-08-31T23:59:38.000Z,FL,Company believes the complaint provided an opportunity to answer consumer's questions,Threatened or suggested your credit would be damaged
Debt collection,2026-09-01T00:04:09.000Z,Attempts to collect debt not owed,Other debt,19802,,26187813,Yes,Closed with explanation,Web,"Affirm Holdings, Inc",2026-08-31T23:59:35.000Z,DE,,Debt was paid
Credit reporting or other personal consumer reports,2026-09-01T00:18:45.000Z,Incorrect information on your report,Credit reporting,20010,,26188488,Yes,In progress,Web,Experian Information Solutions Inc.,2026-08-31T23:59:32.000Z,DC,,Information belongs to someone else
Credit reporting or other personal consumer reports,2026-08-31T23:59:55.000Z,Incorrect information on your report,Credit reporting,27704,,26187192,Yes,Closed with non-monetary relief,Web,"EQUIFAX, INC.",2026-08-31T23:59:31.000Z,NC,,Information belongs to someone else
Credit reporting or other personal consumer reports,2026-08-31T23:59:55.000Z,Incorrect information on your report,Credit reporting,27704,,26187191,Yes,In progress,Web,Experian Information Solutions Inc.,2026-08-31T23:59:31.000Z,NC,,Information belongs to someone else
Credit reporting or other personal consumer reports,2026-09-01T00:01:14.000Z,Problem with a company's investigation into an existing problem,Credit reporting,34120,,26187250,Yes,In progress,Web,Experian Information Solutions Inc.,2026-08-31T23:59:19.000Z,FL,,Investigation took more than 30 days
Credit reporting or other personal consumer reports,2026-09-01T00:02:46.000Z,Incorrect information on your report,Credit reporting,32726,,26187294,Yes,In progress,Web,Experian Information Solutions Inc.,2026-08-31T23:59:09.000Z,FL,,Information belongs to someone else
Credit reporting or other personal consumer reports,2026-09-01T00:03:46.000Z,Improper use of your report,Credit reporting,92555,,26187614,Yes,In progress,Web,"EQUIFAX, INC.",2026-08-31T23:59:07.000Z,CA,,Reporting company used your report improperly
Credit reporting or other personal consumer reports,2026-09-01T01:20:50.000Z,Problem with a company's investigation into an existing issue,Other personal consumer report,91344,,26192112,Yes,Closed with explanation,Web,"Fidelity National Information Services, Inc. (FNIS)",2026-08-31T23:59:04.000Z,CA,Company has responded to the consumer and the CFPB and chooses not to provide a public response,Problem with personal statement of dispute
Credit reporting or other personal consumer reports,2026-09-01T00:05:11.000Z,Incorrect information on your report,Credit reporting,33162,,26188050,Yes,Closed with explanation,Web,"EQUIFAX, INC.",2026-08-31T23:59:04.000Z,FL,,Information belongs to someone else
Credit reporting or other personal consumer reports,2026-09-01T00:16:38.000Z,Problem with a company's investigation into an existing problem,Credit reporting,13057,,26188425,Yes,In progress,Web,"TRANSUNION INTERMEDIATE HOLDINGS, INC.",2026-08-31T23:58:56.000Z,NY,,Their investigation did not fix an error on your report
Credit reporting or other personal consumer reports,2026-08-31T23:59:18.000Z,Incorrect information on your report,Credit reporting,75189,,26187159,Yes,In progress,Web,"EQUIFAX, INC.",2026-08-31T23:58:55.000Z,TX,,Account information incorrect
Credit reporting or other personal consumer reports,2026-09-01T00:02:25.000Z,Problem with a company's investigation into an existing problem,Credit reporting,30004,,26187282,Yes,Closed with explanation,Web,"TRANSUNION INTERMEDIATE HOLDINGS, INC.",2026-08-31T23:58:54.000Z,GA,Company has responded to the consumer and the CFPB and chooses not to provide a public response,Investigation took more than 30 days
Credit reporting or other personal consumer reports,2026-09-01T00:01:11.000Z,Problem with a company's investigation into an existing problem,Credit reporting,90062,,26187248,Yes,Closed with explanation,Web,"TRANSUNION INTERMEDIATE HOLDINGS, INC.",2026-08-31T23:58:54.000Z,CA,Company has responded to the consumer and the CFPB and chooses not to provide a public response,Investigation took more than 30 days
Checking or savings account,2026-09-01T00:23:08.000Z,Managing an account,Checking account,95616,,26188711,Yes,Closed with explanation,Web,JPMORGAN CHASE & CO.,2026-08-31T23:58:45.000Z,CA,,Deposits and withdrawals
Credit reporting or other personal consumer reports,2026-09-01T00:02:24.000Z,Incorrect information on your report,Credit reporting,00771,,26187283,Yes,In progress,Web,"EQUIFAX, INC.",2026-08-31T23:58:42.000Z,PR,,Account information incorrect
Credit reporting or other personal consumer reports,2026-09-01T00:14:26.000Z,Improper use of your report,Credit reporting,23009,,26188368,Yes,In progress,Web,"EQUIFAX, INC.",2026-08-31T23:58:40.000Z,VA,,Reporting company used your report improperly
Credit reporting or other personal consumer reports,2026-09-01T00:01:02.000Z,Incorrect information on your report,Credit reporting,30331,,26187241,Yes,Closed with explanation,Web,"TRANSUNION INTERMEDIATE HOLDINGS, INC.",2026-08-31T23:58:32.000Z,GA,Company has responded to the consumer and the CFPB and chooses not to provide a public response,Account information incorrect
Credit reporting or other personal consumer reports,2026-09-01T00:06:21.000Z,Problem with a company's investigation into an existing problem,Credit reporting,39046,,26188097,Yes,In progress,Web,"TRANSUNION INTERMEDIATE HOLDINGS, INC.",2026-08-31T23:58:30.000Z,MS,,Their investigation did not fix an error on your report
Credit reporting or other personal consumer reports,2026-08-31T23:58:51.000Z,Problem with a company's investigation into an existing problem,Credit reporting,33311,,26187149,Yes,In progress,Web,"TRANSUNION INTERMEDIATE HOLDINGS, INC.",2026-08-31T23:58:30.000Z,FL,,Investigation took more than 30 days
Credit reporting or other personal consumer reports,2026-09-01T00:02:42.000Z,Incorrect information on your report,Credit reporting,78212,,26187296,Yes,Closed with explanation,Web,"TRANSUNION INTERMEDIATE HOLDINGS, INC.",2026-08-31T23:58:29.000Z,TX,Company has responded to the consumer and the CFPB and chooses not to provide a public response,Information belongs to someone else
Credit reporting or other personal consumer reports,2026-08-31T23:58:53.000Z,Improper use of your report,Credit reporting,78599,,26187119,Yes,Closed with explanation,Web,"EQUIFAX, INC.",2026-08-31T23:58:28.000Z,TX,,Report provided to employer without your written authorization
Credit reporting or other personal consumer reports,2026-08-31T23:58:53.000Z,Improper use of your report,Credit reporting,78599,,26187118,Yes,In progress,Web,Experian Information Solutions Inc.,2026-08-31T23:58:28.000Z,TX,,Report provided to employer without your written authorization
Credit reporting or other personal consumer reports,2026-09-01T00:01:36.000Z,Incorrect information on your report,Credit reporting,33859,,26187259,Yes,Closed with explanation,Web,"TRANSUNION INTERMEDIATE HOLDINGS, INC.",2026-08-31T23:58:27.000Z,FL,Company has responded to the consumer and the CFPB and chooses not to provide a public response,Information belongs to someone else
Credit reporting or other personal consumer reports,2026-09-01T02:00:25.000Z,Incorrect information on your report,Credit reporting,76537,,26187224,Yes,In progress,Web,"TRANSUNION INTERMEDIATE HOLDINGS, INC.",2026-08-31T23:58:24.000Z,TX,,Information belongs to someone else
Credit reporting or other personal consumer reports,2026-09-01T00:01:02.000Z,Incorrect information on your report,Credit reporting,30328,,26187247,Yes,Closed with explanation,Web,"EQUIFAX, INC.",2026-08-31T23:58:20.000Z,GA,,Information belongs to someone else
Credit reporting or other personal consumer reports,2026-09-01T00:02:16.000Z,Improper use of your report,Credit reporting,77477,,26187277,Yes,In progress,Web,Experian Information Solutions Inc.,2026-08-31T23:58:19.000Z,TX,,Reporting company used your report improperly
Credit reporting or other personal consumer reports,2026-09-01T00:02:23.000Z,Improper use of your report,Credit reporting,77477,,26187284,Yes,Closed with explanation,Web,"TRANSUNION INTERMEDIATE HOLDINGS, INC.",2026-08-31T23:58:18.000Z,TX,Company has responded to the consumer and the CFPB and chooses not to provide a public response,Reporting company used your report improperly
Credit reporting or other personal consumer reports,2026-09-01T00:03:23.000Z,Incorrect information on your report,Credit reporting,75093,,26187607,Yes,In progress,Web,"TRANSUNION INTERMEDIATE HOLDINGS, INC.",2026-08-31T23:58:11.000Z,TX,,Information belongs to someone else
Credit reporting or other personal consumer reports,2026-09-01T00:02:55.000Z,Incorrect information on your report,Credit reporting,07514,,26187458,Yes,In progress,Web,Experian Information Solutions Inc.,2026-08-31T23:58:10.000Z,NJ,,Information belongs to someone else
Debt collection,2026-09-01T00:01:50.000Z,Attempts to collect debt not owed,I do not know,33166,,26187267,Yes,Closed with explanation,Web,Synergetic Communication Inc,2026-08-31T23:58:09.000Z,FL,,Debt is not yours
Credit reporting or other personal consumer reports,2026-09-01T00:02:15.000Z,Improper use of your report,Credit reporting,77477,,26187275,Yes,Closed with explanation,Web,"EQUIFAX, INC.",2026-08-31T23:58:06.000Z,TX,,Reporting company used your report improperly
Credit reporting or other personal consumer reports,2026-09-01T00:01:02.000Z,Incorrect information on your report,Credit reporting,78109,,26187246,Yes,In progress,Web,Experian Information Solutions Inc.,2026-08-31T23:58:06.000Z,TX,,Account status incorrect
Credit reporting or other personal consumer reports,2026-09-01T00:01:30.000Z,Problem with a company's investigation into an existing problem,Credit reporting,90603,Older American,26187252,Yes,Closed with explanation,Web,"TRANSUNION INTERMEDIATE HOLDINGS, INC.",2026-08-31T23:58:04.000Z,CA,Company has responded to the consumer and the CFPB and chooses not to provide a public response,Their investigation did not fix an error on your report
Credit reporting or other personal consumer reports,2026-08-31T23:58:14.000Z,Incorrect information on your report,Credit reporting,75006,,26187077,Yes,In progress,Web,Experian Information Solutions Inc.,2026-08-31T23:57:52.000Z,TX,,Information belongs to someone else
Credit reporting or other personal consumer reports,2026-09-01T00:08:16.000Z,Problem with a company's investigation into an existing problem,Credit reporting,33598,,26188138,Yes,Closed with explanation,Web,"EQUIFAX, INC.",2026-08-31T23:57:49.000Z,FL,,Their investigation did not fix an error on your report
Debt collection,2026-09-11T21:08:38.000Z,False statements or representation,Telecommunications debt,94587,,26187467,Yes,Closed with non-monetary relief,Web,CL Holdings LLC,2026-08-31T23:57:45.000Z,CA,,Attempted to collect wrong amount
Credit reporting or other personal consumer reports,2026-08-31T23:58:09.000Z,Incorrect information on your report,Credit reporting,78212,Servicemember,26187075,Yes,In progress,Web,"TRANSUNION INTERMEDIATE HOLDINGS, INC.",2026-08-31T23:57:45.000Z,TX,,Account status incorrect
Credit reporting or other personal consumer reports,2026-08-31T23:58:12.000Z,Incorrect information on your report,Credit reporting,78212,Servicemember,26187074,Yes,In progress,Web,Experian Information Solutions Inc.,2026-08-31T23:57:45.000Z,TX,,Account status incorrect
Credit reporting or other personal consumer reports,2026-08-31T23:58:10.000Z,Incorrect information on your report,Credit reporting,78212,Servicemember,26187073,Yes,Closed with explanation,Web,"EQUIFAX, INC.",2026-08-31T23:57:45.000Z,TX,,Account status incorrect
Credit reporting or other personal consumer reports,2026-08-31T23:58:05.000Z,Incorrect information on your report,Credit reporting,19136,,26187071,Yes,In progress,Web,"TRANSUNION INTERMEDIATE HOLDINGS, INC.",2026-08-31T23:57:43.000Z,PA,,Account information incorrect
Credit reporting or other personal consumer reports,2026-08-31T23:58:05.000Z,Incorrect information on your report,Credit reporting,19136,,26187070,Yes,In progress,Web,Experian Information Solutions Inc.,2026-08-31T23:57:43.000Z,PA,,Account information incorrect
Credit reporting or other personal consumer reports,2026-09-01T00:00:03.000Z,Incorrect information on your report,Credit reporting,90201,,26187196,Yes,In progress,Web,"EQUIFAX, INC.",2026-08-31T23:57:42.000Z,CA,,Information belongs to someone else
Credit reporting or other personal consumer reports,2026-09-01T00:33:04.000Z,Incorrect information on your report,Credit reporting,29649,,26189465,Yes,Closed with non-monetary relief,Web,"EQUIFAX, INC.",2026-08-31T23:57:40.000Z,SC,,Account information incorrect
Credit reporting or other personal consumer reports,2026-09-01T00:00:31.000Z,Unable to get your credit report or credit score,Credit reporting,30265,,26187228,Yes,In progress,Web,"EQUIFAX, INC.",2026-08-31T23:57:40.000Z,GA,,Other problem getting your report or credit score
Credit reporting or other personal consumer reports,2026-09-01T00:00:02.000Z,Incorrect information on your report,Credit reporting,29045,,26187194,Yes,In progress,Web,Experian Information Solutions Inc.,2026-08-31T23:57:40.000Z,SC,,Information belongs to someone else
Credit reporting or other personal consumer reports,2026-09-01T00:00:21.000Z,Incorrect information on your report,Credit reporting,60620,,26187225,Yes,Closed with explanation,Web,"TRANSUNION INTERMEDIATE HOLDINGS, INC.",2026-08-31T23:57:39.000Z,IL,Company has responded to the consumer and the CFPB and chooses not to provide a public response,Information belongs to someone else
Credit reporting or other personal consumer reports,2026-08-31T23:58:01.000Z,Incorrect information on your report,Credit reporting,75093,,26187068,Yes,In progress,Web,Experian Information Solutions Inc.,2026-08-31T23:57:39.000Z,TX,,Information belongs to someone else
Credit reporting or other personal consumer reports,2026-08-31T23:58:00.000Z,Incorrect information on your report,Credit reporting,10280,,26187067,Yes,In progress,Web,"TRANSUNION INTERMEDIATE HOLDINGS, INC.",2026-08-31T23:57:38.000Z,NY,,Information belongs to someone else
Credit reporting or other personal consumer reports,2026-08-31T23:58:01.000Z,Incorrect information on your report,Credit reporting,10280,,26187066,Yes,In progress,Web,Experian Information Solutions Inc.,2026-08-31T23:57:38.000Z,NY,,Information belongs to someone else
Credit reporting or other personal consumer reports,2026-09-01T00:02:18.000Z,Incorrect information on your report,Credit reporting,78577,,26187276,Yes,In progress,Web,"EQUIFAX, INC.",2026-08-31T23:57:34.000Z,TX,,Account information incorrect
Credit reporting or other personal consumer reports,2026-09-01T00:03:27.000Z,Improper use of your report,Credit reporting,38614,,26187612,Yes,In progress,Web,"EQUIFAX, INC.",2026-08-31T23:57:33.000Z,MS,,Reporting company used your report improperly
Credit reporting or other personal consumer reports,2026-09-01T00:03:26.000Z,Improper use of your report,Credit reporting,38614,,26187610,Yes,In progress,Web,Experian Information Solutions Inc.,2026-08-31T23:57:32.000Z,MS,,Reporting company used your report improperly
Credit reporting or other personal consumer reports,2026-08-31T23:59:34.000Z,Improper use of your report,Credit reporting,33624,,26187163,Yes,In progress,Web,"TRANSUNION INTERMEDIATE HOLDINGS, INC.",2026-08-31T23:57:27.000Z,FL,,Reporting company used your report improperly
Credit reporting or other personal consumer reports,2026-09-01T00:01:52.000Z,Problem with a company's investigation into an existing problem,Credit reporting,30241,,26187268,Yes,In progress,Web,Experian Information Solutions Inc.,2026-08-31T23:57:24.000Z,GA,,Investigation took more than 30 days
Credit reporting or other personal consumer reports,2026-09-01T00:07:55.000Z,Problem with a company's investigation into an existing problem,Credit reporting,11220,,26188124,Yes,In progress,Web,Experian Information Solutions Inc.,2026-08-31T23:57:22.000Z,NY,,Their investigation did not fix an error on your report
Credit reporting or other personal consumer reports,2026-08-31T23:57:40.000Z,Incorrect information on your report,Credit reporting,71827,,26187059,Yes,Closed with non-monetary relief,Web,"EQUIFAX, INC.",2026-08-31T23:57:21.000Z,AR,,Personal information incorrect
Credit reporting or other personal consumer reports,2026-08-31T23:57:28.000Z,Incorrect information on your report,Credit reporting,30265,,26187044,Yes,In progress,Web,Experian Information Solutions Inc.,2026-08-31T23:57:08.000Z,GA,,Information belongs to someone else
Credit reporting or other personal consumer reports,2026-09-01T00:00:16.000Z,Problem with a company's investigation into an existing problem,Credit reporting,78504,,26187223,Yes,Closed with explanation,Web,"TRANSUNION INTERMEDIATE HOLDINGS, INC.",2026-08-31T23:57:06.000Z,TX,Company has responded to the consumer and the CFPB and chooses not to provide a public response,Investigation took more than 30 days
Credit reporting or other personal consumer reports,2026-08-31T23:59:27.000Z,Incorrect information on your report,Credit reporting,30127,,26187162,Yes,Closed with explanation,Web,"EQUIFAX, INC.",2026-08-31T23:57:05.000Z,GA,,Information belongs to someone else
Credit reporting or other personal consumer reports,2026-09-01T00:01:45.000Z,Incorrect information on your report,Credit reporting,60440,,26187263,Yes,Closed with explanation,Web,"EQUIFAX, INC.",2026-08-31T23:57:04.000Z,IL,,Information belongs to someone else
Credit reporting or other personal consumer reports,2026-09-01T00:09:31.000Z,Incorrect information on your report,Credit reporting,70341,,26188190,Yes,In progress,Web,Experian Information Solutions Inc.,2026-08-31T23:57:03.000Z,LA,,Information belongs to someone else
Debt collection,2026-08-31T23:59:45.000Z,Attempts to collect debt not owed,Credit card debt,,,26187189,Yes,Closed with explanation,Web,"Nelnet, Inc.",2026-08-31T23:57:03.000Z,KY,,Debt is not yours
Credit reporting or other personal consumer reports,2026-08-31T23:59:41.000Z,Problem with a company's investigation into an existing problem,Credit reporting,78504,,26187188,Yes,In progress,Web,Experian Information Solutions Inc.,2026-08-31T23:57:03.000Z,TX,,Investigation took more than 30 days
Credit reporting or other personal consumer reports,2026-09-01T00:00:47.000Z,Incorrect information on your report,Credit reporting,30127,,26187161,Yes,In progress,Web,Experian Information Solutions Inc.,2026-08-31T23:57:00.000Z,GA,,Information belongs to someone else
Credit reporting or other personal consumer reports,2026-09-01T00:07:49.000Z,Incorrect information on your report,Credit reporting,98198,,26188140,Yes,In progress,Web,Experian Information Solutions Inc.,2026-08-31T23:56:50.000Z,WA,,Information belongs to someone else
Credit reporting or other personal consumer reports,2026-08-31T23:58:55.000Z,Problem with a company's investigation into an existing problem,Credit reporting,90062,,26187150,Yes,In progress,Web,Experian Information Solutions Inc.,2026-08-31T23:56:40.000Z,CA,,Their investigation did not fix an error on your report
Credit reporting or other personal consumer reports,2026-09-01T00:03:06.000Z,Incorrect information on your report,Credit reporting,68111,,26187463,Yes,In progress,Web,"TRANSUNION INTERMEDIATE HOLDINGS, INC.",2026-08-31T23:56:37.000Z,NE,,Information belongs to someone else
Credit reporting or other personal consumer reports,2026-08-31T23:58:36.000Z,Incorrect information on your report,Credit reporting,76537,,26187111,Yes,In progress,Web,Experian Information Solutions Inc.,2026-08-31T23:56:31.000Z,TX,,Information belongs to someone else
Credit reporting or other personal consumer reports,2026-09-01T00:00:49.000Z,Unable to get your credit report or credit score,Credit reporting,93704,,26187231,Yes,In progress,Web,"EQUIFAX, INC.",2026-08-31T23:56:19.000Z,CA,,Other problem getting your report or credit score
Credit reporting or other personal consumer reports,2026-08-31T23:58:57.000Z,Incorrect information on your report,Credit reporting,18202,,26187151,Yes,Closed with explanation,Web,"TRANSUNION INTERMEDIATE HOLDINGS, INC.",2026-08-31T23:56:14.000Z,PA,Company has responded to the consumer and the CFPB and chooses not to provide a public response,Information belongs to someone else
Debt collection,2026-08-31T23:56:38.000Z,Attempts to collect debt not owed,Other debt,46615,,26187026,Yes,Closed with explanation,Web,"Rozlin Financial Group, Inc.",2026-08-31T23:56:14.000Z,IN,Company has responded to the consumer and the CFPB and chooses not to provide a public response,Debt is not yours
Credit reporting or other personal consumer reports,2026-09-01T00:14:20.000Z,Incorrect information on your report,Credit reporting,90301,,26188366,Yes,Closed with non-monetary relief,Web,"EQUIFAX, INC.",2026-08-31T23:56:13.000Z,CA,,Account information incorrect
Credit reporting or other personal consumer reports,2026-08-31T23:56:17.000Z,Improper use of your report,Credit reporting,93725,,26186991,Yes,Closed with explanation,Web,LEXISNEXIS,2026-08-31T23:55:58.000Z,CA,,Reporting company used your report improperly
Credit reporting or other personal consumer reports,2026-09-01T00:08:57.000Z,Problem with a company's investigation into an existing problem,Credit reporting,75068,Servicemember,26188152,Yes,Closed with non-monetary relief,Web,"EQUIFAX, INC.",2026-08-31T23:55:57.000Z,TX,,Their investigation did not fix an error on your report
Credit reporting or other personal consumer reports,2026-08-31T23:56:18.000Z,Improper use of your report,Credit reporting,93704,,26186988,Yes,Closed with explanation,Web,"TRANSUNION INTERMEDIATE HOLDINGS, INC.",2026-08-31T23:55:54.000Z,CA,Company has responded to the consumer and the CFPB and chooses not to provide a public response,Reporting company used your report improperly
Credit reporting or other personal consumer reports,2026-08-31T23:56:15.000Z,Improper use of your report,Credit reporting,10466,,26186987,Yes,Closed with explanation,Web,"TRANSUNION INTERMEDIATE HOLDINGS, INC.",2026-08-31T23:55:52.000Z,NY,Company has responded to the consumer and the CFPB and chooses not to provide a public response,Reporting company used your report improperly
Credit reporting or other personal consumer reports,2026-08-31T23:56:14.000Z,Improper use of your report,Credit reporting,10466,,26186986,Yes,In progress,Web,Experian Information Solutions Inc.,2026-08-31T23:55:52.000Z,NY,,Reporting company used your report improperly
Credit reporting or other personal consumer reports,2026-08-31T23:56:08.000Z,Improper use of your report,Credit reporting,34667,,26186983,Yes,Closed with explanation,Web,"TRANSUNION INTERMEDIATE HOLDINGS, INC.",2026-08-31T23:55:48.000Z,FL,Company has responded to the consumer and the CFPB and chooses not to provide a public response,Reporting company used your report improperly
Credit reporting or other personal consumer reports,2026-08-31T23:56:08.000Z,Improper use of your report,Credit reporting,34667,,26186982,Yes,In progress,Web,Experian Information Solutions Inc.,2026-08-31T23:55:48.000Z,FL,,Reporting company used your report improperly
Credit reporting or other personal consumer reports,2026-09-01T00:00:51.000Z,Incorrect information on your report,Credit reporting,78416,,26187230,Yes,Closed with explanation,Web,"EQUIFAX, INC.",2026-08-31T23:55:46.000Z,TX,,Information belongs to someone else
Credit reporting or other personal consumer reports,2026-08-31T23:57:59.000Z,Incorrect information on your report,Credit reporting,20120,,26187063,Yes,Closed with non-monetary relief,Web,LEXISNEXIS,2026-08-31T23:55:36.000Z,VA,,Information belongs to someone else
Credit reporting or other personal consumer reports,2026-08-31T23:55:59.000Z,Incorrect information on your report,Credit reporting,30349,,26186979,Yes,In progress,Web,"TRANSUNION INTERMEDIATE HOLDINGS, INC.",2026-08-31T23:55:36.000Z,GA,,Account information incorrect
Credit reporting or other personal consumer reports,2026-08-31T23:56:01.000Z,Incorrect information on your report,Credit reporting,30349,,26186978,Yes,Closed with non-monetary relief,Web,"EQUIFAX, INC.",2026-08-31T23:55:36.000Z,GA,,Account information incorrect
Credit reporting or other personal consumer reports,2026-08-31T23:59:10.000Z,Problem with a company's investigation into an existing problem,Credit reporting,70605,,26187156,Yes,In progress,Web,"TRANSUNION INTERMEDIATE HOLDINGS, INC.",2026-08-31T23:55:33.000Z,LA,,Investigation took more than 30 days
Credit reporting or other personal consumer reports,2026-08-31T23:58:30.000Z,Incorrect information on your report,Credit reporting,96701,,26187108,Yes,Closed with non-monetary relief,Web,"EQUIFAX, INC.",2026-08-31T23:55:33.000Z,HI,,Personal information incorrect
Credit reporting or other personal consumer reports,2026-08-31T23:57:30.000Z,Incorrect information on your report,Credit reporting,33157,,26187041,Yes,In progress,Web,"TRANSUNION INTERMEDIATE HOLDINGS, INC.",2026-08-31T23:55:31.000Z,FL,,Personal information incorrect
Credit reporting or other personal consumer reports,2026-09-01T00:02:18.000Z,Incorrect information on your report,Credit reporting,77489,,26187278,Yes,Closed with explanation,Web,"EQUIFAX, INC.",2026-08-31T23:55:29.000Z,TX,,Information belongs to someone else
Credit reporting or other personal consumer reports,2026-08-31T23:58:18.000Z,Incorrect information on your report,Credit reporting,92345,,26187107,Yes,In progress,Web,"TRANSUNION INTERMEDIATE HOLDINGS, INC.",2026-08-31T23:55:28.000Z,CA,,Public record information inaccurate
Credit reporting or other personal consumer reports,2026-08-31T23:55:47.000Z,Problem with a company's investigation into an existing problem,Credit reporting,02128,,26186976,Yes,Closed with explanation,Web,"TRANSUNION INTERMEDIATE HOLDINGS, INC.",2026-08-31T23:55:25.000Z,MA,Company has responded to the consumer and the CFPB and chooses not to provide a public response,Investigation took more than 30 days
Credit reporting or other personal consumer reports,2026-08-31T23:55:47.000Z,Problem with a company's investigation into an existing problem,Credit reporting,02128,,26186975,Yes,In progress,Web,Experian Information Solutions Inc.,2026-08-31T23:55:25.000Z,MA,,Investigation took more than 30 days
Credit reporting or other personal consumer reports,2026-09-01T00:05:04.000Z,Incorrect information on your report,Credit reporting,76063,,26188047,Yes,Closed with explanation,Web,"EQUIFAX, INC.",2026-08-31T23:59:58.000Z,TX,,Information belongs to someone else
Credit reporting or other personal consumer reports,2026-09-01T00:02:22.000Z,Incorrect information on your report,Credit reporting,90201,,26187281,Yes,In progress,Web,"TRANSUNION INTERMEDIATE HOLDINGS, INC.",2026-08-31T23:59:58.000Z,CA,,Information belongs to someone else
Credit reporting or other personal consumer reports,2026-09-01T00:05:02.000Z,Incorrect information on your report,Credit reporting,92592,,26188039,Yes,Closed with explanation,Web,"EQUIFAX, INC.",2026-08-31T23:59:48.000Z,CA,,Information belongs to someone else
Credit reporting or other personal consumer reports,2026-09-01T00:05:21.000Z,Incorrect information on your report,Credit reporting,78572,,26188068,Yes,In progress,Web,"TRANSUNION INTERMEDIATE HOLDINGS, INC.",2026-08-31T23:59:43.000Z,TX,,Information belongs to someone else
Credit reporting or other personal consumer reports,2026-09-01T00:06:47.000Z,Problem with a company's investigation into an existing problem,Credit reporting,20002,,26188107,Yes,In progress,Web,Experian Information Solutions Inc.,2026-08-31T23:59:42.000Z,DC,,Investigation took more than 30 days
Credit reporting or other personal consumer reports,2026-09-01T00:05:25.000Z,Incorrect information on your report,Credit reporting,78572,,26188067,Yes,In progress,Web,"EQUIFAX, INC.",2026-08-31T23:59:42.000Z,TX,,Information belongs to someone else
Credit reporting or other personal consumer reports,2026-09-01T00:05:23.000Z,Incorrect information on your report,Credit reporting,78572,,26188061,Yes,In progress,Web,"TRANSUNION INTERMEDIATE HOLDINGS, INC.",2026-08-31T23:59:41.000Z,TX,,Account status incorrect
Credit reporting or other personal consumer reports,2026-09-01T00:05:15.000Z,Incorrect information on your report,Credit reporting,78572,,26188057,Yes,In progress,Web,"EQUIFAX, INC.",2026-08-31T23:59:40.000Z,TX,,Account status incorrect
Credit reporting or other personal consumer reports,2026-09-01T00:04:19.000Z,Incorrect information on your report,Credit reporting,78572,,26187816,Yes,In progress,Web,Experian Information Solutions Inc.,2026-08-31T23:59:39.000Z,TX,,Account information incorrect
Debt collection,2026-09-01T00:11:12.000Z,Took or threatened to take negative or legal action,I do not know,33311,,26188237,Yes,Closed with explanation,Web,TekCollect Inc.,2026-08-31T23:59:38.000Z,FL,Company believes the complaint provided an opportunity to answer consumer's questions,Threatened or suggested your credit would be damaged
Debt collection,2026-09-01T00:04:09.000Z,Attempts to collect debt not owed,Other debt,19802,,26187813,Yes,Closed with explanation,Web,"Affirm Holdings, Inc",2026-08-31T23:59:35.000Z,DE,,Debt was paid
Credit reporting or other personal consumer reports,2026-09-01T00:18:45.000Z,Incorrect information on your report,Credit reporting,20010,,26188488,Yes,In progress,Web,Experian Information Solutions Inc.,2026-08-31T23:59:32.000Z,DC,,Information belongs to someone else
Credit reporting or other personal consumer reports,2026-08-31T23:59:55.000Z,Incorrect information on your report,Credit reporting,27704,,26187192,Yes,Closed with non-monetary relief,Web,"EQUIFAX, INC.",2026-08-31T23:59:31.000Z,NC,,Information belongs to someone else
Credit reporting or other personal consumer reports,2026-08-31T23:59:55.000Z,Incorrect information on your report,Credit reporting,27704,,26187191,Yes,In progress,Web,Experian Information Solutions Inc.,2026-08-31T23:59:31.000Z,NC,,Information belongs to someone else
Credit reporting or other personal consumer reports,2026-09-01T00:01:14.000Z,Problem with a company's investigation into an existing problem,Credit reporting,34120,,26187250,Yes,In progress,Web,Experian Information Solutions Inc.,2026-08-31T23:59:19.000Z,FL,,Investigation took more than 30 days
Credit reporting or other personal consumer reports,2026-09-01T00:02:46.000Z,Incorrect information on your report,Credit reporting,32726,,26187294,Yes,In progress,Web,Experian Information Solutions Inc.,2026-08-31T23:59:09.000Z,FL,,Information belongs to someone else
Credit reporting or other personal consumer reports,2026-09-01T00:03:46.000Z,Improper use of your report,Credit reporting,92555,,26187614,Yes,In progress,Web,"EQUIFAX, INC.",2026-08-31T23:59:07.000Z,CA,,Reporting company used your report improperly
Credit reporting or other personal consumer reports,2026-09-01T01:20:50.000Z,Problem with a company's investigation into an existing issue,Other personal consumer report,91344,,26192112,Yes,Closed with explanation,Web,"Fidelity National Information Services, Inc. (FNIS)",2026-08-31T23:59:04.000Z,CA,Company has responded to the consumer and the CFPB and chooses not to provide a public response,Problem with personal statement of dispute
Credit reporting or other personal consumer reports,2026-09-01T00:05:11.000Z,Incorrect information on your report,Credit reporting,33162,,26188050,Yes,Closed with explanation,Web,"EQUIFAX, INC.",2026-08-31T23:59:04.000Z,FL,,Information belongs to someone else
Credit reporting or other personal consumer reports,2026-09-01T00:16:38.000Z,Problem with a company's investigation into an existing problem,Credit reporting,13057,,26188425,Yes,In progress,Web,"TRANSUNION INTERMEDIATE HOLDINGS, INC.",2026-08-31T23:58:56.000Z,NY,,Their investigation did not fix an error on your report
Credit reporting or other personal consumer reports,2026-08-31T23:59:18.000Z,Incorrect information on your report,Credit reporting,75189,,26187159,Yes,In progress,Web,"EQUIFAX, INC.",2026-08-31T23:58:55.000Z,TX,,Account information incorrect
Credit reporting or other personal consumer reports,2026-09-01T00:02:25.000Z,Problem with a company's investigation into an existing problem,Credit reporting,30004,,26187282,Yes,Closed with explanation,Web,"TRANSUNION INTERMEDIATE HOLDINGS, INC.",2026-08-31T23:58:54.000Z,GA,Company has responded to the consumer and the CFPB and chooses not to provide a public response,Investigation took more than 30 days
Credit reporting or other personal consumer reports,2026-09-01T00:01:11.000Z,Problem with a company's investigation into an existing problem,Credit reporting,90062,,26187248,Yes,Closed with explanation,Web,"TRANSUNION INTERMEDIATE HOLDINGS, INC.",2026-08-31T23:58:54.000Z,CA,Company has responded to the consumer and the CFPB and chooses not to provide a public response,Investigation took more than 30 days
Checking or savings account,2026-09-01T00:23:08.000Z,Managing an account,Checking account,95616,,26188711,Yes,Closed with explanation,Web,JPMORGAN CHASE & CO.,2026-08-31T23:58:45.000Z,CA,,Deposits and withdrawals
Credit reporting or other personal consumer reports,2026-09-01T00:02:24.000Z,Incorrect information on your report,Credit reporting,00771,,26187283,Yes,In progress,Web,"EQUIFAX, INC.",2026-08-31T23:58:42.000Z,PR,,Account information incorrect
Credit reporting or other personal consumer reports,2026-09-01T00:14:26.000Z,Improper use of your report,Credit reporting,23009,,26188368,Yes,In progress,Web,"EQUIFAX, INC.",2026-08-31T23:58:40.000Z,VA,,Reporting company used your report improperly
Credit reporting or other personal consumer reports,2026-09-01T00:01:02.000Z,Incorrect information on your report,Credit reporting,30331,,26187241,Yes,Closed with explanation,Web,"TRANSUNION INTERMEDIATE HOLDINGS, INC.",2026-08-31T23:58:32.000Z,GA,Company has responded to the consumer and the CFPB and chooses not to provide a public response,Account information incorrect
Credit reporting or other personal consumer reports,2026-09-01T00:06:21.000Z,Problem with a company's investigation into an existing problem,Credit reporting,39046,,26188097,Yes,In progress,Web,"TRANSUNION INTERMEDIATE HOLDINGS, INC.",2026-08-31T23:58:30.000Z,MS,,Their investigation did not fix an error on your report
Credit reporting or other personal consumer reports,2026-08-31T23:58:51.000Z,Problem with a company's investigation into an existing problem,Credit reporting,33311,,26187149,Yes,In progress,Web,"TRANSUNION INTERMEDIATE HOLDINGS, INC.",2026-08-31T23:58:30.000Z,FL,,Investigation took more than 30 days
Credit reporting or other personal consumer reports,2026-09-01T00:02:42.000Z,Incorrect information on your report,Credit reporting,78212,,26187296,Yes,Closed with explanation,Web,"TRANSUNION INTERMEDIATE HOLDINGS, INC.",2026-08-31T23:58:29.000Z,TX,Company has responded to the consumer and the CFPB and chooses not to provide a public response,Information belongs to someone else
Credit reporting or other personal consumer reports,2026-08-31T23:58:53.000Z,Improper use of your report,Credit reporting,78599,,26187119,Yes,Closed with explanation,Web,"EQUIFAX, INC.",2026-08-31T23:58:28.000Z,TX,,Report provided to employer without your written authorization
Credit reporting or other personal consumer reports,2026-08-31T23:58:53.000Z,Improper use of your report,Credit reporting,78599,,26187118,Yes,In progress,Web,Experian Information Solutions Inc.,2026-08-31T23:58:28.000Z,TX,,Report provided to employer without your written authorization
Credit reporting or other personal consumer reports,2026-09-01T00:01:36.000Z,Incorrect information on your report,Credit reporting,33859,,26187259,Yes,Closed with explanation,Web,"TRANSUNION INTERMEDIATE HOLDINGS, INC.",2026-08-31T23:58:27.000Z,FL,Company has responded to the consumer and the CFPB and chooses not to provide a public response,Information belongs to someone else
Credit reporting or other personal consumer reports,2026-09-01T02:00:25.000Z,Incorrect information on your report,Credit reporting,76537,,26187224,Yes,In progress,Web,"TRANSUNION INTERMEDIATE HOLDINGS, INC.",2026-08-31T23:58:24.000Z,TX,,Information belongs to someone else
Credit reporting or other personal consumer reports,2026-09-01T00:01:02.000Z,Incorrect information on your report,Credit reporting,30328,,26187247,Yes,Closed with explanation,Web,"EQUIFAX, INC.",2026-08-31T23:58:20.000Z,GA,,Information belongs to someone else
Credit reporting or other personal consumer reports,2026-09-01T00:02:16.000Z,Improper use of your report,Credit reporting,77477,,26187277,Yes,In progress,Web,Experian Information Solutions Inc.,2026-08-31T23:58:19.000Z,TX,,Reporting company used your report improperly
Credit reporting or other personal consumer reports,2026-09-01T00:02:23.000Z,Improper use of your report,Credit reporting,77477,,26187284,Yes,Closed with explanation,Web,"TRANSUNION INTERMEDIATE HOLDINGS, INC.",2026-08-31T23:58:18.000Z,TX,Company has responded to the consumer and the CFPB and chooses not to provide a public response,Reporting company used your report improperly
Credit reporting or other personal consumer reports,2026-09-01T00:03:23.000Z,Incorrect information on your report,Credit reporting,75093,,26187607,Yes,In progress,Web,"TRANSUNION INTERMEDIATE HOLDINGS, INC.",2026-08-31T23:58:11.000Z,TX,,Information belongs to someone else
Credit reporting or other personal consumer reports,2026-09-01T00:02:55.000Z,Incorrect information on your report,Credit reporting,07514,,26187458,Yes,In progress,Web,Experian Information Solutions Inc.,2026-08-31T23:58:10.000Z,NJ,,Information belongs to someone else
Debt collection,2026-09-01T00:01:50.000Z,Attempts to collect debt not owed,I do not know,33166,,26187267,Yes,Closed with explanation,Web,Synergetic Communication Inc,2026-08-31T23:58:09.000Z,FL,,Debt is not yours
Credit reporting or other personal consumer reports,2026-09-01T00:02:15.000Z,Improper use of your report,Credit reporting,77477,,26187275,Yes,Closed with explanation,Web,"EQUIFAX, INC.",2026-08-31T23:58:06.000Z,TX,,Reporting company used your report improperly
Credit reporting or other personal consumer reports,2026-09-01T00:01:02.000Z,Incorrect information on your report,Credit reporting,78109,,26187246,Yes,In progress,Web,Experian Information Solutions Inc.,2026-08-31T23:58:06.000Z,TX,,Account status incorrect
Credit reporting or other personal consumer reports,2026-09-01T00:01:30.000Z,Problem with a company's investigation into an existing problem,Credit reporting,90603,Older American,26187252,Yes,Closed with explanation,Web,"TRANSUNION INTERMEDIATE HOLDINGS, INC.",2026-08-31T23:58:04.000Z,CA,Company has responded to the consumer and the CFPB and chooses not to provide a public response,Their investigation did not fix an error on your report
Credit reporting or other personal consumer reports,2026-08-31T23:58:14.000Z,Incorrect information on your report,Credit reporting,75006,,26187077,Yes,In progress,Web,Experian Information Solutions Inc.,2026-08-31T23:57:52.000Z,TX,,Information belongs to someone else
Credit reporting or other personal consumer reports,2026-09-01T00:08:16.000Z,Problem with a company's investigation into an existing problem,Credit reporting,33598,,26188138,Yes,Closed with explanation,Web,"EQUIFAX, INC.",2026-08-31T23:57:49.000Z,FL,,Their investigation did not fix an error on your report
Debt collection,2026-09-11T21:08:38.000Z,False statements or representation,Telecommunications debt,94587,,26187467,Yes,Closed with non-monetary relief,Web,CL Holdings LLC,2026-08-31T23:57:45.000Z,CA,,Attempted to collect wrong amount
Credit reporting or other personal consumer reports,2026-08-31T23:58:09.000Z,Incorrect information on your report,Credit reporting,78212,Servicemember,26187075,Yes,In progress,Web,"TRANSUNION INTERMEDIATE HOLDINGS, INC.",2026-08-31T23:57:45.000Z,TX,,Account status incorrect
Credit reporting or other personal consumer reports,2026-08-31T23:58:12.000Z,Incorrect information on your report,Credit reporting,78212,Servicemember,26187074,Yes,In progress,Web,Experian Information Solutions Inc.,2026-08-31T23:57:45.000Z,TX,,Account status incorrect
Credit reporting or other personal consumer reports,2026-08-31T23:58:10.000Z,Incorrect information on your report,Credit reporting,78212,Servicemember,26187073,Yes,Closed with explanation,Web,"EQUIFAX, INC.",2026-08-31T23:57:45.000Z,TX,,Account status incorrect
Credit reporting or other personal consumer reports,2026-08-31T23:58:05.000Z,Incorrect information on your report,Credit reporting,19136,,26187071,Yes,In progress,Web,"TRANSUNION INTERMEDIATE HOLDINGS, INC.",2026-08-31T23:57:43.000Z,PA,,Account information incorrect
Credit reporting or other personal consumer reports,2026-08-31T23:58:05.000Z,Incorrect information on your report,Credit reporting,19136,,26187070,Yes,In progress,Web,Experian Information Solutions Inc.,2026-08-31T23:57:43.000Z,PA,,Account information incorrect
Credit reporting or other personal consumer reports,2026-09-01T00:00:03.000Z,Incorrect information on your report,Credit reporting,90201,,26187196,Yes,In progress,Web,"EQUIFAX, INC.",2026-08-31T23:57:42.000Z,CA,,Information belongs to someone else
Credit reporting or other personal consumer reports,2026-09-01T00:33:04.000Z,Incorrect information on your report,Credit reporting,29649,,26189465,Yes,Closed with non-monetary relief,Web,"EQUIFAX, INC.",2026-08-31T23:57:40.000Z,SC,,Account information incorrect
Credit reporting or other personal consumer reports,2026-09-01T00:00:31.000Z,Unable to get your credit report or credit score,Credit reporting,30265,,26187228,Yes,In progress,Web,"EQUIFAX, INC.",2026-08-31T23:57:40.000Z,GA,,Other problem getting your report or credit score
Credit reporting or other personal consumer reports,2026-09-01T00:00:02.000Z,Incorrect information on your report,Credit reporting,29045,,26187194,Yes,In progress,Web,Experian Information Solutions Inc.,2026-08-31T23:57:40.000Z,SC,,Information belongs to someone else
Credit reporting or other personal consumer reports,2026-09-01T00:00:21.000Z,Incorrect information on your report,Credit reporting,60620,,26187225,Yes,Closed with explanation,Web,"TRANSUNION INTERMEDIATE HOLDINGS, INC.",2026-08-31T23:57:39.000Z,IL,Company has responded to the consumer and the CFPB and chooses not to provide a public response,Information belongs to someone else
Credit reporting or other personal consumer reports,2026-08-31T23:58:01.000Z,Incorrect information on your report,Credit reporting,75093,,26187068,Yes,In progress,Web,Experian Information Solutions Inc.,2026-08-31T23:57:39.000Z,TX,,Information belongs to someone else
Credit reporting or other personal consumer reports,2026-08-31T23:58:00.000Z,Incorrect information on your report,Credit reporting,10280,,26187067,Yes,In progress,Web,"TRANSUNION INTERMEDIATE HOLDINGS, INC.",2026-08-31T23:57:38.000Z,NY,,Information belongs to someone else
Credit reporting or other personal consumer reports,2026-08-31T23:58:01.000Z,Incorrect information on your report,Credit reporting,10280,,26187066,Yes,In progress,Web,Experian Information Solutions Inc.,2026-08-31T23:57:38.000Z,NY,,Information belongs to someone else
Credit reporting or other personal consumer reports,2026-09-01T00:02:18.000Z,Incorrect information on your report,Credit reporting,78577,,26187276,Yes,In progress,Web,"EQUIFAX, INC.",2026-08-31T23:57:34.000Z,TX,,Account information incorrect
Credit reporting or other personal consumer reports,2026-09-01T00:03:27.000Z,Improper use of your report,Credit reporting,38614,,26187612,Yes,In progress,Web,"EQUIFAX, INC.",2026-08-31T23:57:33.000Z,MS,,Reporting company used your report improperly
Credit reporting or other personal consumer reports,2026-09-01T00:03:26.000Z,Improper use of your report,Credit reporting,38614,,26187610,Yes,In progress,Web,Experian Information Solutions Inc.,2026-08-31T23:57:32.000Z,MS,,Reporting company used your report improperly
Credit reporting or other personal consumer reports,2026-08-31T23:59:34.000Z,Improper use of your report,Credit reporting,33624,,26187163,Yes,In progress,Web,"TRANSUNION INTERMEDIATE HOLDINGS, INC.",2026-08-31T23:57:27.000Z,FL,,Reporting company used your report improperly
Credit reporting or other personal consumer reports,2026-09-01T00:01:52.000Z,Problem with a company's investigation into an existing problem,Credit reporting,30241,,26187268,Yes,In progress,Web,Experian Information Solutions Inc.,2026-08-31T23:57:24.000Z,GA,,Investigation took more than 30 days
Credit reporting or other personal consumer reports,2026-09-01T00:07:55.000Z,Problem with a company's investigation into an existing problem,Credit reporting,11220,,26188124,Yes,In progress,Web,Experian Information Solutions Inc.,2026-08-31T23:57:22.000Z,NY,,Their investigation did not fix an error on your report
Credit reporting or other personal consumer reports,2026-08-31T23:57:40.000Z,Incorrect information on your report,Credit reporting,71827,,26187059,Yes,Closed with non-monetary relief,Web,"EQUIFAX, INC.",2026-08-31T23:57:21.000Z,AR,,Personal information incorrect
Credit reporting or other personal consumer reports,2026-08-31T23:57:28.000Z,Incorrect information on your report,Credit reporting,30265,,26187044,Yes,In progress,Web,Experian Information Solutions Inc.,2026-08-31T23:57:08.000Z,GA,,Information belongs to someone else
Credit reporting or other personal consumer reports,2026-09-01T00:00:16.000Z,Problem with a company's investigation into an existing problem,Credit reporting,78504,,26187223,Yes,Closed with explanation,Web,"TRANSUNION INTERMEDIATE HOLDINGS, INC.",2026-08-31T23:57:06.000Z,TX,Company has responded to the consumer and the CFPB and chooses not to provide a public response,Investigation took more than 30 days
Credit reporting or other personal consumer reports,2026-08-31T23:59:27.000Z,Incorrect information on your report,Credit reporting,30127,,26187162,Yes,Closed with explanation,Web,"EQUIFAX, INC.",2026-08-31T23:57:05.000Z,GA,,Information belongs to someone else
Credit reporting or other personal consumer reports,2026-09-01T00:01:45.000Z,Incorrect information on your report,Credit reporting,60440,,26187263,Yes,Closed with explanation,Web,"EQUIFAX, INC.",2026-08-31T23:57:04.000Z,IL,,Information belongs to someone else
Credit reporting or other personal consumer reports,2026-09-01T00:09:31.000Z,Incorrect information on your report,Credit reporting,70341,,26188190,Yes,In progress,Web,Experian Information Solutions Inc.,2026-08-31T23:57:03.000Z,LA,,Information belongs to someone else
Debt collection,2026-08-31T23:59:45.000Z,Attempts to collect debt not owed,Credit card debt,,,26187189,Yes,Closed with explanation,Web,"Nelnet, Inc.",2026-08-31T23:57:03.000Z,KY,,Debt is not yours
Credit reporting or other personal consumer reports,2026-08-31T23:59:41.000Z,Problem with a company's investigation into an existing problem,Credit reporting,78504,,26187188,Yes,In progress,Web,Experian Information Solutions Inc.,2026-08-31T23:57:03.000Z,TX,,Investigation took more than 30 days
Credit reporting or other personal consumer reports,2026-09-01T00:00:47.000Z,Incorrect information on your report,Credit reporting,30127,,26187161,Yes,In progress,Web,Experian Information Solutions Inc.,2026-08-31T23:57:00.000Z,GA,,Information belongs to someone else
Credit reporting or other personal consumer reports,2026-09-01T00:07:49.000Z,Incorrect information on your report,Credit reporting,98198,,26188140,Yes,In progress,Web,Experian Information Solutions Inc.,2026-08-31T23:56:50.000Z,WA,,Information belongs to someone else
Credit reporting or other personal consumer reports,2026-08-31T23:58:55.000Z,Problem with a company's investigation into an existing problem,Credit reporting,90062,,26187150,Yes,In progress,Web,Experian Information Solutions Inc.,2026-08-31T23:56:40.000Z,CA,,Their investigation did not fix an error on your report
Credit reporting or other personal consumer reports,2026-09-01T00:03:06.000Z,Incorrect information on your report,Credit reporting,68111,,26187463,Yes,In progress,Web,"TRANSUNION INTERMEDIATE HOLDINGS, INC.",2026-08-31T23:56:37.000Z,NE,,Information belongs to someone else
Credit reporting or other personal consumer reports,2026-08-31T23:58:36.000Z,Incorrect information on your report,Credit reporting,76537,,26187111,Yes,In progress,Web,Experian Information Solutions Inc.,2026-08-31T23:56:31.000Z,TX,,Information belongs to someone else
Credit reporting or other personal consumer reports,2026-09-01T00:00:49.000Z,Unable to get your credit report or credit score,Credit reporting,93704,,26187231,Yes,In progress,Web,"EQUIFAX, INC.",2026-08-31T23:56:19.000Z,CA,,Other problem getting your report or credit score
Credit reporting or other personal consumer reports,2026-08-31T23:58:57.000Z,Incorrect information on your report,Credit reporting,18202,,26187151,Yes,Closed with explanation,Web,"TRANSUNION INTERMEDIATE HOLDINGS, INC.",2026-08-31T23:56:14.000Z,PA,Company has responded to the consumer and the CFPB and chooses not to provide a public response,Information belongs to someone else
Debt collection,2026-08-31T23:56:38.000Z,Attempts to collect debt not owed,Other debt,46615,,26187026,Yes,Closed with explanation,Web,"Rozlin Financial Group, Inc.",2026-08-31T23:56:14.000Z,IN,Company has responded to the consumer and the CFPB and chooses not to provide a public response,Debt is not yours
Credit reporting or other personal consumer reports,2026-09-01T00:14:20.000Z,Incorrect information on your report,Credit reporting,90301,,26188366,Yes,Closed with non-monetary relief,Web,"EQUIFAX, INC.",2026-08-31T23:56:13.000Z,CA,,Account information incorrect
Credit reporting or other personal consumer reports,2026-08-31T23:56:17.000Z,Improper use of your report,Credit reporting,93725,,26186991,Yes,Closed with explanation,Web,LEXISNEXIS,2026-08-31T23:55:58.000Z,CA,,Reporting company used your report improperly
Credit reporting or other personal consumer reports,2026-09-01T00:08:57.000Z,Problem with a company's investigation into an existing problem,Credit reporting,75068,Servicemember,26188152,Yes,Closed with non-monetary relief,Web,"EQUIFAX, INC.",2026-08-31T23:55:57.000Z,TX,,Their investigation did not fix an error on your report
Credit reporting or other personal consumer reports,2026-08-31T23:56:18.000Z,Improper use of your report,Credit reporting,93704,,26186988,Yes,Closed with explanation,Web,"TRANSUNION INTERMEDIATE HOLDINGS, INC.",2026-08-31T23:55:54.000Z,CA,Company has responded to the consumer and the CFPB and chooses not to provide a public response,Reporting company used your report improperly
Credit reporting or other personal consumer reports,2026-08-31T23:56:15.000Z,Improper use of your report,Credit reporting,10466,,26186987,Yes,Closed with explanation,Web,"TRANSUNION INTERMEDIATE HOLDINGS, INC.",2026-08-31T23:55:52.000Z,NY,Company has responded to the consumer and the CFPB and chooses not to provide a public response,Reporting company used your report improperly
Credit reporting or other personal consumer reports,2026-08-31T23:56:14.000Z,Improper use of your report,Credit reporting,10466,,26186986,Yes,In progress,Web,Experian Information Solutions Inc.,2026-08-31T23:55:52.000Z,NY,,Reporting company used your report improperly
Credit reporting or other personal consumer reports,2026-08-31T23:56:08.000Z,Improper use of your report,Credit reporting,34667,,26186983,Yes,Closed with explanation,Web,"TRANSUNION INTERMEDIATE HOLDINGS, INC.",2026-08-31T23:55:48.000Z,FL,Company has responded to the consumer and the CFPB and chooses not to provide a public response,Reporting company used your report improperly
Credit reporting or other personal consumer reports,2026-08-31T23:56:08.000Z,Improper use of your report,Credit reporting,34667,,26186982,Yes,In progress,Web,Experian Information Solutions Inc.,2026-08-31T23:55:48.000Z,FL,,Reporting company used your report improperly
Credit reporting or other personal consumer reports,2026-09-01T00:00:51.000Z,Incorrect information on your report,Credit reporting,78416,,26187230,Yes,Closed with explanation,Web,"EQUIFAX, INC.",2026-08-31T23:55:46.000Z,TX,,Information belongs to someone else
Credit reporting or other personal consumer reports,2026-08-31T23:57:59.000Z,Incorrect information on your report,Credit reporting,20120,,26187063,Yes,Closed with non-monetary relief,Web,LEXISNEXIS,2026-08-31T23:55:36.000Z,VA,,Information belongs to someone else
Credit reporting or other personal consumer reports,2026-08-31T23:55:59.000Z,Incorrect information on your report,Credit reporting,30349,,26186979,Yes,In progress,Web,"TRANSUNION INTERMEDIATE HOLDINGS, INC.",2026-08-31T23:55:36.000Z,GA,,Account information incorrect
Credit reporting or other personal consumer reports,2026-08-31T23:56:01.000Z,Incorrect information on your report,Credit reporting,30349,,26186978,Yes,Closed with non-monetary relief,Web,"EQUIFAX, INC.",2026-08-31T23:55:36.000Z,GA,,Account information incorrect
Credit reporting or other personal consumer reports,2026-08-31T23:59:10.000Z,Problem with a company's investigation into an existing problem,Credit reporting,70605,,26187156,Yes,In progress,Web,"TRANSUNION INTERMEDIATE HOLDINGS, INC.",2026-08-31T23:55:33.000Z,LA,,Investigation took more than 30 days
Credit reporting or other personal consumer reports,2026-08-31T23:58:30.000Z,Incorrect information on your report,Credit reporting,96701,,26187108,Yes,Closed with non-monetary relief,Web,"EQUIFAX, INC.",2026-08-31T23:55:33.000Z,HI,,Personal information incorrect
Credit reporting or other personal consumer reports,2026-08-31T23:57:30.000Z,Incorrect information on your report,Credit reporting,33157,,26187041,Yes,In progress,Web,"TRANSUNION INTERMEDIATE HOLDINGS, INC.",2026-08-31T23:55:31.000Z,FL,,Personal information incorrect
Credit reporting or other personal consumer reports,2026-09-01T00:02:18.000Z,Incorrect information on your report,Credit reporting,77489,,26187278,Yes,Closed with explanation,Web,"EQUIFAX, INC.",2026-08-31T23:55:29.000Z,TX,,Information belongs to someone else
Credit reporting or other personal consumer reports,2026-08-31T23:58:18.000Z,Incorrect information on your report,Credit reporting,92345,,26187107,Yes,In progress,Web,"TRANSUNION INTERMEDIATE HOLDINGS, INC.",2026-08-31T23:55:28.000Z,CA,,Public record information inaccurate
Credit reporting or other personal consumer reports,2026-08-31T23:55:47.000Z,Problem with a company's investigation into an existing problem,Credit reporting,02128,,26186976,Yes,Closed with explanation,Web,"TRANSUNION INTERMEDIATE HOLDINGS, INC.",2026-08-31T23:55:25.000Z,MA,Company has responded to the consumer and the CFPB and chooses not to provide a public response,Investigation took more than 30 days
Credit reporting or other personal consumer reports,2026-08-31T23:55:47.000Z,Problem with a company's investigation into an existing problem,Credit reporting,02128,,26186975,Yes,In progress,Web,Experian Information Solutions Inc.,2026-08-31T23:55:25.000Z,MA,,Investigation took more than 30 days
Credit reporting or other personal consumer reports,2026-09-01T00:05:04.000Z,Incorrect information on your report,Credit reporting,76063,,26188047,Yes,Closed with explanation,Web,"EQUIFAX, INC.",2026-08-31T23:59:58.000Z,TX,,Information belongs to someone else
Credit reporting or other personal consumer reports,2026-09-01T00:02:22.000Z,Incorrect information on your report,Credit reporting,90201,,26187281,Yes,In progress,Web,"TRANSUNION INTERMEDIATE HOLDINGS, INC.",2026-08-31T23:59:58.000Z,CA,,Information belongs to someone else
Credit reporting or other personal consumer reports,2026-09-01T00:05:02.000Z,Incorrect information on your report,Credit reporting,92592,,26188039,Yes,Closed with explanation,Web,"EQUIFAX, INC.",2026-08-31T23:59:48.000Z,CA,,Information belongs to someone else
Credit reporting or other personal consumer reports,2026-09-01T00:05:21.000Z,Incorrect information on your report,Credit reporting,78572,,26188068,Yes,In progress,Web,"TRANSUNION INTERMEDIATE HOLDINGS, INC.",2026-08-31T23:59:43.000Z,TX,,Information belongs to someone else
Credit reporting or other personal consumer reports,2026-09-01T00:06:47.000Z,Problem with a company's investigation into an existing problem,Credit reporting,20002,,26188107,Yes,In progress,Web,Experian Information Solutions Inc.,2026-08-31T23:59:42.000Z,DC,,Investigation took more than 30 days
Credit reporting or other personal consumer reports,2026-09-01T00:05:25.000Z,Incorrect information on your report,Credit reporting,78572,,26188067,Yes,In progress,Web,"EQUIFAX, INC.",2026-08-31T23:59:42.000Z,TX,,Information belongs to someone else
Credit reporting or other personal consumer reports,2026-09-01T00:05:23.000Z,Incorrect information on your report,Credit reporting,78572,,26188061,Yes,In progress,Web,"TRANSUNION INTERMEDIATE HOLDINGS, INC.",2026-08-31T23:59:41.000Z,TX,,Account status incorrect
Credit reporting or other personal consumer reports,2026-09-01T00:05:15.000Z,Incorrect information on your report,Credit reporting,78572,,26188057,Yes,In progress,Web,"EQUIFAX, INC.",2026-08-31T23:59:40.000Z,TX,,Account status incorrect
Credit reporting or other personal consumer reports,2026-09-01T00:04:19.000Z,Incorrect information on your report,Credit reporting,78572,,26187816,Yes,In progress,Web,Experian Information Solutions Inc.,2026-08-31T23:59:39.000Z,TX,,Account information incorrect
Debt collection,2026-09-01T00:11:12.000Z,Took or threatened to take negative or legal action,I do not know,33311,,26188237,Yes,Closed with explanation,Web,TekCollect Inc.,2026-08-31T23:59:38.000Z,FL,Company believes the complaint provided an opportunity to answer consumer's questions,Threatened or suggested your credit would be damaged
Debt collection,2026-09-01T00:04:09.000Z,Attempts to collect debt not owed,Other debt,19802,,26187813,Yes,Closed with explanation,Web,"Affirm Holdings, Inc",2026-08-31T23:59:35.000Z,DE,,Debt was paid
Credit reporting or other personal consumer reports,2026-09-01T00:18:45.000Z,Incorrect information on your report,Credit reporting,20010,,26188488,Yes,In progress,Web,Experian Information Solutions Inc.,2026-08-31T23:59:32.000Z,DC,,Information belongs to someone else
Credit reporting or other personal consumer reports,2026-08-31T23:59:55.000Z,Incorrect information on your report,Credit reporting,27704,,26187192,Yes,Closed with non-monetary relief,Web,"EQUIFAX, INC.",2026-08-31T23:59:31.000Z,NC,,Information belongs to someone else
Credit reporting or other personal consumer reports,2026-08-31T23:59:55.000Z,Incorrect information on your report,Credit reporting,27704,,26187191,Yes,In progress,Web,Experian Information Solutions Inc.,2026-08-31T23:59:31.000Z,NC,,Information belongs to someone else
Credit reporting or other personal consumer reports,2026-09-01T00:01:14.000Z,Problem with a company's investigation into an existing problem,Credit reporting,34120,,26187250,Yes,In progress,Web,Experian Information Solutions Inc.,2026-08-31T23:59:19.000Z,FL,,Investigation took more than 30 days
Credit reporting or other personal consumer reports,2026-09-01T00:02:46.000Z,Incorrect information on your report,Credit reporting,32726,,26187294,Yes,In progress,Web,Experian Information Solutions Inc.,2026-08-31T23:59:09.000Z,FL,,Information belongs to someone else
Credit reporting or other personal consumer reports,2026-09-01T00:03:46.000Z,Improper use of your report,Credit reporting,92555,,26187614,Yes,In progress,Web,"EQUIFAX, INC.",2026-08-31T23:59:07.000Z,CA,,Reporting company used your report improperly
Credit reporting or other personal consumer reports,2026-09-01T01:20:50.000Z,Problem with a company's investigation into an existing issue,Other personal consumer report,91344,,26192112,Yes,Closed with explanation,Web,"Fidelity National Information Services, Inc. (FNIS)",2026-08-31T23:59:04.000Z,CA,Company has responded to the consumer and the CFPB and chooses not to provide a public response,Problem with personal statement of dispute
Credit reporting or other personal consumer reports,2026-09-01T00:05:11.000Z,Incorrect information on your report,Credit reporting,33162,,26188050,Yes,Closed with explanation,Web,"EQUIFAX, INC.",2026-08-31T23:59:04.000Z,FL,,Information belongs to someone else
Credit reporting or other personal consumer reports,2026-09-01T00:16:38.000Z,Problem with a company's investigation into an existing problem,Credit reporting,13057,,26188425,Yes,In progress,Web,"TRANSUNION INTERMEDIATE HOLDINGS, INC.",2026-08-31T23:58:56.000Z,NY,,Their investigation did not fix an error on your report
Credit reporting or other personal consumer reports,2026-08-31T23:59:18.000Z,Incorrect information on your report,Credit reporting,75189,,26187159,Yes,In progress,Web,"EQUIFAX, INC.",2026-08-31T23:58:55.000Z,TX,,Account information incorrect
Credit reporting or other personal consumer reports,2026-09-01T00:02:25.000Z,Problem with a company's investigation into an existing problem,Credit reporting,30004,,26187282,Yes,Closed with explanation,Web,"TRANSUNION INTERMEDIATE HOLDINGS, INC.",2026-08-31T23:58:54.000Z,GA,Company has responded to the consumer and the CFPB and chooses not to provide a public response,Investigation took more than 30 days
Credit reporting or other personal consumer reports,2026-09-01T00:01:11.000Z,Problem with a company's investigation into an existing problem,Credit reporting,90062,,26187248,Yes,Closed with explanation,Web,"TRANSUNION INTERMEDIATE HOLDINGS, INC.",2026-08-31T23:58:54.000Z,CA,Company has responded to the consumer and the CFPB and chooses not to provide a public response,Investigation took more than 30 days
Checking or savings account,2026-09-01T00:23:08.000Z,Managing an account,Checking account,95616,,26188711,Yes,Closed with explanation,Web,JPMORGAN CHASE & CO.,2026-08-31T23:58:45.000Z,CA,,Deposits and withdrawals
Credit reporting or other personal consumer reports,2026-09-01T00:02:24.000Z,Incorrect information on your report,Credit reporting,00771,,26187283,Yes,In progress,Web,"EQUIFAX, INC.",2026-08-31T23:58:42.000Z,PR,,Account information incorrect
Credit reporting or other personal consumer reports,2026-09-01T00:14:26.000Z,Improper use of your report,Credit reporting,23009,,26188368,Yes,In progress,Web,"EQUIFAX, INC.",2026-08-31T23:58:40.000Z,VA,,Reporting company used your report improperly
Credit reporting or other personal consumer reports,2026-09-01T00:01:02.000Z,Incorrect information on your report,Credit reporting,30331,,26187241,Yes,Closed with explanation,Web,"TRANSUNION INTERMEDIATE HOLDINGS, INC.",2026-08-31T23:58:32.000Z,GA,Company has responded to the consumer and the CFPB and chooses not to provide a public response,Account information incorrect
Credit reporting or other personal consumer reports,2026-09-01T00:06:21.000Z,Problem with a company's investigation into an existing problem,Credit reporting,39046,,26188097,Yes,In progress,Web,"TRANSUNION INTERMEDIATE HOLDINGS, INC.",2026-08-31T23:58:30.000Z,MS,,Their investigation did not fix an error on your report
Credit reporting or other personal consumer reports,2026-08-31T23:58:51.000Z,Problem with a company's investigation into an existing problem,Credit reporting,33311,,26187149,Yes,In progress,Web,"TRANSUNION INTERMEDIATE HOLDINGS, INC.",2026-08-31T23:58:30.000Z,FL,,Investigation took more than 30 days
Credit reporting or other personal consumer reports,2026-09-01T00:02:42.000Z,Incorrect information on your report,Credit reporting,78212,,26187296,Yes,Closed with explanation,Web,"TRANSUNION INTERMEDIATE HOLDINGS, INC.",2026-08-31T23:58:29.000Z,TX,Company has responded to the consumer and the CFPB and chooses not to provide a public response,Information belongs to someone else
Credit reporting or other personal consumer reports,2026-08-31T23:58:53.000Z,Improper use of your report,Credit reporting,78599,,26187119,Yes,Closed with explanation,Web,"EQUIFAX, INC.",2026-08-31T23:58:28.000Z,TX,,Report provided to employer without your written authorization
Credit reporting or other personal consumer reports,2026-08-31T23:58:53.000Z,Improper use of your report,Credit reporting,78599,,26187118,Yes,In progress,Web,Experian Information Solutions Inc.,2026-08-31T23:58:28.000Z,TX,,Report provided to employer without your written authorization
Credit reporting or other personal consumer reports,2026-09-01T00:01:36.000Z,Incorrect information on your report,Credit reporting,33859,,26187259,Yes,Closed with explanation,Web,"TRANSUNION INTERMEDIATE HOLDINGS, INC.",2026-08-31T23:58:27.000Z,FL,Company has responded to the consumer and the CFPB and chooses not to provide a public response,Information belongs to someone else
Credit reporting or other personal consumer reports,2026-09-01T02:00:25.000Z,Incorrect information on your report,Credit reporting,76537,,26187224,Yes,In progress,Web,"TRANSUNION INTERMEDIATE HOLDINGS, INC.",2026-08-31T23:58:24.000Z,TX,,Information belongs to someone else
Credit reporting or other personal consumer reports,2026-09-01T00:01:02.000Z,Incorrect information on your report,Credit reporting,30328,,26187247,Yes,Closed with explanation,Web,"EQUIFAX, INC.",2026-08-31T23:58:20.000Z,GA,,Information belongs to someone else
Credit reporting or other personal consumer reports,2026-09-01T00:02:16.000Z,Improper use of your report,Credit reporting,77477,,26187277,Yes,In progress,Web,Experian Information Solutions Inc.,2026-08-31T23:58:19.000Z,TX,,Reporting company used your report improperly
Credit reporting or other personal consumer reports,2026-09-01T00:02:23.000Z,Improper use of your report,Credit reporting,77477,,26187284,Yes,Closed with explanation,Web,"TRANSUNION INTERMEDIATE HOLDINGS, INC.",2026-08-31T23:58:18.000Z,TX,Company has responded to the consumer and the CFPB and chooses not to provide a public response,Reporting company used your report improperly
Credit reporting or other personal consumer reports,2026-09-01T00:03:23.000Z,Incorrect information on your report,Credit reporting,75093,,26187607,Yes,In progress,Web,"TRANSUNION INTERMEDIATE HOLDINGS, INC.",2026-08-31T23:58:11.000Z,TX,,Information belongs to someone else
Credit reporting or other personal consumer reports,2026-09-01T00:02:55.000Z,Incorrect information on your report,Credit reporting,07514,,26187458,Yes,In progress,Web,Experian Information Solutions Inc.,2026-08-31T23:58:10.000Z,NJ,,Information belongs to someone else
Debt collection,2026-09-01T00:01:50.000Z,Attempts to collect debt not owed,I do not know,33166,,26187267,Yes,Closed with explanation,Web,Synergetic Communication Inc,2026-08-31T23:58:09.000Z,FL,,Debt is not yours
Credit reporting or other personal consumer reports,2026-09-01T00:02:15.000Z,Improper use of your report,Credit reporting,77477,,26187275,Yes,Closed with explanation,Web,"EQUIFAX, INC.",2026-08-31T23:58:06.000Z,TX,,Reporting company used your report improperly
Credit reporting or other personal consumer reports,2026-09-01T00:01:02.000Z,Incorrect information on your report,Credit reporting,78109,,26187246,Yes,In progress,Web,Experian Information Solutions Inc.,2026-08-31T23:58:06.000Z,TX,,Account status incorrect
Credit reporting or other personal consumer reports,2026-09-01T00:01:30.000Z,Problem with a company's investigation into an existing problem,Credit reporting,90603,Older American,26187252,Yes,Closed with explanation,Web,"TRANSUNION INTERMEDIATE HOLDINGS, INC.",2026-08-31T23:58:04.000Z,CA,Company has responded to the consumer and the CFPB and chooses not to provide a public response,Their investigation did not fix an error on your report
Credit reporting or other personal consumer reports,2026-08-31T23:58:14.000Z,Incorrect information on your report,Credit reporting,75006,,26187077,Yes,In progress,Web,Experian Information Solutions Inc.,2026-08-31T23:57:52.000Z,TX,,Information belongs to someone else
Credit reporting or other personal consumer reports,2026-09-01T00:08:16.000Z,Problem with a company's investigation into an existing problem,Credit reporting,33598,,26188138,Yes,Closed with explanation,Web,"EQUIFAX, INC.",2026-08-31T23:57:49.000Z,FL,,Their investigation did not fix an error on your report
Debt collection,2026-09-11T21:08:38.000Z,False statements or representation,Telecommunications debt,94587,,26187467,Yes,Closed with non-monetary relief,Web,CL Holdings LLC,2026-08-31T23:57:45.000Z,CA,,Attempted to collect wrong amount
Credit reporting or other personal consumer reports,2026-08-31T23:58:09.000Z,Incorrect information on your report,Credit reporting,78212,Servicemember,26187075,Yes,In progress,Web,"TRANSUNION INTERMEDIATE HOLDINGS, INC.",2026-08-31T23:57:45.000Z,TX,,Account status incorrect
Credit reporting or other personal consumer reports,2026-08-31T23:58:12.000Z,Incorrect information on your report,Credit reporting,78212,Servicemember,26187074,Yes,In progress,Web,Experian Information Solutions Inc.,2026-08-31T23:57:45.000Z,TX,,Account status incorrect
Credit reporting or other personal consumer reports,2026-08-31T23:58:10.000Z,Incorrect information on your report,Credit reporting,78212,Servicemember,26187073,Yes,Closed with explanation,Web,"EQUIFAX, INC.",2026-08-31T23:57:45.000Z,TX,,Account status incorrect
Credit reporting or other personal consumer reports,2026-08-31T23:58:05.000Z,Incorrect information on your report,Credit reporting,19136,,26187071,Yes,In progress,Web,"TRANSUNION INTERMEDIATE HOLDINGS, INC.",2026-08-31T23:57:43.000Z,PA,,Account information incorrect
Credit reporting or other personal consumer reports,2026-08-31T23:58:05.000Z,Incorrect information on your report,Credit reporting,19136,,26187070,Yes,In progress,Web,Experian Information Solutions Inc.,2026-08-31T23:57:43.000Z,PA,,Account information incorrect
Credit reporting or other personal consumer reports,2026-09-01T00:00:03.000Z,Incorrect information on your report,Credit reporting,90201,,26187196,Yes,In progress,Web,"EQUIFAX, INC.",2026-08-31T23:57:42.000Z,CA,,Information belongs to someone else
Credit reporting or other personal consumer reports,2026-09-01T00:33:04.000Z,Incorrect information on your report,Credit reporting,29649,,26189465,Yes,Closed with non-monetary relief,Web,"EQUIFAX, INC.",2026-08-31T23:57:40.000Z,SC,,Account information incorrect
Credit reporting or other personal consumer reports,2026-09-01T00:00:31.000Z,Unable to get your credit report or credit score,Credit reporting,30265,,26187228,Yes,In progress,Web,"EQUIFAX, INC.",2026-08-31T23:57:40.000Z,GA,,Other problem getting your report or credit score
Credit reporting or other personal consumer reports,2026-09-01T00:00:02.000Z,Incorrect information on your report,Credit reporting,29045,,26187194,Yes,In progress,Web,Experian Information Solutions Inc.,2026-08-31T23:57:40.000Z,SC,,Information belongs to someone else
Credit reporting or other personal consumer reports,2026-09-01T00:00:21.000Z,Incorrect information on your report,Credit reporting,60620,,26187225,Yes,Closed with explanation,Web,"TRANSUNION INTERMEDIATE HOLDINGS, INC.",2026-08-31T23:57:39.000Z,IL,Company has responded to the consumer and the CFPB and chooses not to provide a public response,Information belongs to someone else
Credit reporting or other personal consumer reports,2026-08-31T23:58:01.000Z,Incorrect information on your report,Credit reporting,75093,,26187068,Yes,In progress,Web,Experian Information Solutions Inc.,2026-08-31T23:57:39.000Z,TX,,Information belongs to someone else
Credit reporting or other personal consumer reports,2026-08-31T23:58:00.000Z,Incorrect information on your report,Credit reporting,10280,,26187067,Yes,In progress,Web,"TRANSUNION INTERMEDIATE HOLDINGS, INC.",2026-08-31T23:57:38.000Z,NY,,Information belongs to someone else
Credit reporting or other personal consumer reports,2026-08-31T23:58:01.000Z,Incorrect information on your report,Credit reporting,10280,,26187066,Yes,In progress,Web,Experian Information Solutions Inc.,2026-08-31T23:57:38.000Z,NY,,Information belongs to someone else
Credit reporting or other personal consumer reports,2026-09-01T00:02:18.000Z,Incorrect information on your report,Credit reporting,78577,,26187276,Yes,In progress,Web,"EQUIFAX, INC.",2026-08-31T23:57:34.000Z,TX,,Account information incorrect
Credit reporting or other personal consumer reports,2026-09-01T00:03:27.000Z,Improper use of your report,Credit reporting,38614,,26187612,Yes,In progress,Web,"EQUIFAX, INC.",2026-08-31T23:57:33.000Z,MS,,Reporting company used your report improperly
Credit reporting or other personal consumer reports,2026-09-01T00:03:26.000Z,Improper use of your report,Credit reporting,38614,,26187610,Yes,In progress,Web,Experian Information Solutions Inc.,2026-08-31T23:57:32.000Z,MS,,Reporting company used your report improperly
Credit reporting or other personal consumer reports,2026-08-31T23:59:34.000Z,Improper use of your report,Credit reporting,33624,,26187163,Yes,In progress,Web,"TRANSUNION INTERMEDIATE HOLDINGS, INC.",2026-08-31T23:57:27.000Z,FL,,Reporting company used your report improperly
Credit reporting or other personal consumer reports,2026-09-01T00:01:52.000Z,Problem with a company's investigation into an existing problem,Credit reporting,30241,,26187268,Yes,In progress,Web,Experian Information Solutions Inc.,2026-08-31T23:57:24.000Z,GA,,Investigation took more than 30 days
Credit reporting or other personal consumer reports,2026-09-01T00:07:55.000Z,Problem with a company's investigation into an existing problem,Credit reporting,11220,,26188124,Yes,In progress,Web,Experian Information Solutions Inc.,2026-08-31T23:57:22.000Z,NY,,Their investigation did not fix an error on your report
Credit reporting or other personal consumer reports,2026-08-31T23:57:40.000Z,Incorrect information on your report,Credit reporting,71827,,26187059,Yes,Closed with non-monetary relief,Web,"EQUIFAX, INC.",2026-08-31T23:57:21.000Z,AR,,Personal information incorrect
Credit reporting or other personal consumer reports,2026-08-31T23:57:28.000Z,Incorrect information on your report,Credit reporting,30265,,26187044,Yes,In progress,Web,Experian Information Solutions Inc.,2026-08-31T23:57:08.000Z,GA,,Information belongs to someone else
Credit reporting or other personal consumer reports,2026-09-01T00:00:16.000Z,Problem with a company's investigation into an existing problem,Credit reporting,78504,,26187223,Yes,Closed with explanation,Web,"TRANSUNION INTERMEDIATE HOLDINGS, INC.",2026-08-31T23:57:06.000Z,TX,Company has responded to the consumer and the CFPB and chooses not to provide a public response,Investigation took more than 30 days
Credit reporting or other personal consumer reports,2026-08-31T23:59:27.000Z,Incorrect information on your report,Credit reporting,30127,,26187162,Yes,Closed with explanation,Web,"EQUIFAX, INC.",2026-08-31T23:57:05.000Z,GA,,Information belongs to someone else
Credit reporting or other personal consumer reports,2026-09-01T00:01:45.000Z,Incorrect information on your report,Credit reporting,60440,,26187263,Yes,Closed with explanation,Web,"EQUIFAX, INC.",2026-08-31T23:57:04.000Z,IL,,Information belongs to someone else
Credit reporting or other personal consumer reports,2026-09-01T00:09:31.000Z,Incorrect information on your report,Credit reporting,70341,,26188190,Yes,In progress,Web,Experian Information Solutions Inc.,2026-08-31T23:57:03.000Z,LA,,Information belongs to someone else
Debt collection,2026-08-31T23:59:45.000Z,Attempts to collect debt not owed,Credit card debt,,,26187189,Yes,Closed with explanation,Web,"Nelnet, Inc.",2026-08-31T23:57:03.000Z,KY,,Debt is not yours
Credit reporting or other personal consumer reports,2026-08-31T23:59:41.000Z,Problem with a company's investigation into an existing problem,Credit reporting,78504,,26187188,Yes,In progress,Web,Experian Information Solutions Inc.,2026-08-31T23:57:03.000Z,TX,,Investigation took more than 30 days
Credit reporting or other personal consumer reports,2026-09-01T00:00:47.000Z,Incorrect information on your report,Credit reporting,30127,,26187161,Yes,In progress,Web,Experian Information Solutions Inc.,2026-08-31T23:57:00.000Z,GA,,Information belongs to someone else
Credit reporting or other personal consumer reports,2026-09-01T00:07:49.000Z,Incorrect information on your report,Credit reporting,98198,,26188140,Yes,In progress,Web,Experian Information Solutions Inc.,2026-08-31T23:56:50.000Z,WA,,Information belongs to someone else
Credit reporting or other personal consumer reports,2026-08-31T23:58:55.000Z,Problem with a company's investigation into an existing problem,Credit reporting,90062,,26187150,Yes,In progress,Web,Experian Information Solutions Inc.,2026-08-31T23:56:40.000Z,CA,,Their investigation did not fix an error on your report
Credit reporting or other personal consumer reports,2026-09-01T00:03:06.000Z,Incorrect information on your report,Credit reporting,68111,,26187463,Yes,In progress,Web,"TRANSUNION INTERMEDIATE HOLDINGS, INC.",2026-08-31T23:56:37.000Z,NE,,Information belongs to someone else
Credit reporting or other personal consumer reports,2026-08-31T23:58:36.000Z,Incorrect information on your report,Credit reporting,76537,,26187111,Yes,In progress,Web,Experian Information Solutions Inc.,2026-08-31T23:56:31.000Z,TX,,Information belongs to someone else
Credit reporting or other personal consumer reports,2026-09-01T00:00:49.000Z,Unable to get your credit report or credit score,Credit reporting,93704,,26187231,Yes,In progress,Web,"EQUIFAX, INC.",2026-08-31T23:56:19.000Z,CA,,Other problem getting your report or credit score
Credit reporting or other personal consumer reports,2026-08-31T23:58:57.000Z,Incorrect information on your report,Credit reporting,18202,,26187151,Yes,Closed with explanation,Web,"TRANSUNION INTERMEDIATE HOLDINGS, INC.",2026-08-31T23:56:14.000Z,PA,Company has responded to the consumer and the CFPB and chooses not to provide a public response,Information belongs to someone else
Debt collection,2026-08-31T23:56:38.000Z,Attempts to collect debt not owed,Other debt,46615,,26187026,Yes,Closed with explanation,Web,"Rozlin Financial Group, Inc.",2026-08-31T23:56:14.000Z,IN,Company has responded to the consumer and the CFPB and chooses not to provide a public response,Debt is not yours
Credit reporting or other personal consumer reports,2026-09-01T00:14:20.000Z,Incorrect information on your report,Credit reporting,90301,,26188366,Yes,Closed with non-monetary relief,Web,"EQUIFAX, INC.",2026-08-31T23:56:13.000Z,CA,,Account information incorrect
Credit reporting or other personal consumer reports,2026-08-31T23:56:17.000Z,Improper use of your report,Credit reporting,93725,,26186991,Yes,Closed with explanation,Web,LEXISNEXIS,2026-08-31T23:55:58.000Z,CA,,Reporting company used your report improperly
Credit reporting or other personal consumer reports,2026-09-01T00:08:57.000Z,Problem with a company's investigation into an existing problem,Credit reporting,75068,Servicemember,26188152,Yes,Closed with non-monetary relief,Web,"EQUIFAX, INC.",2026-08-31T23:55:57.000Z,TX,,Their investigation did not fix an error on your report
Credit reporting or other personal consumer reports,2026-08-31T23:56:18.000Z,Improper use of your report,Credit reporting,93704,,26186988,Yes,Closed with explanation,Web,"TRANSUNION INTERMEDIATE HOLDINGS, INC.",2026-08-31T23:55:54.000Z,CA,Company has responded to the consumer and the CFPB and chooses not to provide a public response,Reporting company used your report improperly
Credit reporting or other personal consumer reports,2026-08-31T23:56:15.000Z,Improper use of your report,Credit reporting,10466,,26186987,Yes,Closed with explanation,Web,"TRANSUNION INTERMEDIATE HOLDINGS, INC.",2026-08-31T23:55:52.000Z,NY,Company has responded to the consumer and the CFPB and chooses not to provide a public response,Reporting company used your report improperly
Credit reporting or other personal consumer reports,2026-08-31T23:56:14.000Z,Improper use of your report,Credit reporting,10466,,26186986,Yes,In progress,Web,Experian Information Solutions Inc.,2026-08-31T23:55:52.000Z,NY,,Reporting company used your report improperly
Credit reporting or other personal consumer reports,2026-08-31T23:56:08.000Z,Improper use of your report,Credit reporting,34667,,26186983,Yes,Closed with explanation,Web,"TRANSUNION INTERMEDIATE HOLDINGS, INC.",2026-08-31T23:55:48.000Z,FL,Company has responded to the consumer and the CFPB and chooses not to provide a public response,Reporting company used your report improperly
Credit reporting or other personal consumer reports,2026-08-31T23:56:08.000Z,Improper use of your report,Credit reporting,34667,,26186982,Yes,In progress,Web,Experian Information Solutions Inc.,2026-08-31T23:55:48.000Z,FL,,Reporting company used your report improperly
Credit reporting or other personal consumer reports,2026-09-01T00:00:51.000Z,Incorrect information on your report,Credit reporting,78416,,26187230,Yes,Closed with explanation,Web,"EQUIFAX, INC.",2026-08-31T23:55:46.000Z,TX,,Information belongs to someone else
Credit reporting or other personal consumer reports,2026-08-31T23:57:59.000Z,Incorrect information on your report,Credit reporting,20120,,26187063,Yes,Closed with non-monetary relief,Web,LEXISNEXIS,2026-08-31T23:55:36.000Z,VA,,Information belongs to someone else
Credit reporting or other personal consumer reports,2026-08-31T23:55:59.000Z,Incorrect information on your report,Credit reporting,30349,,26186979,Yes,In progress,Web,"TRANSUNION INTERMEDIATE HOLDINGS, INC.",2026-08-31T23:55:36.000Z,GA,,Account information incorrect
Credit reporting or other personal consumer reports,2026-08-31T23:56:01.000Z,Incorrect information on your report,Credit reporting,30349,,26186978,Yes,Closed with non-monetary relief,Web,"EQUIFAX, INC.",2026-08-31T23:55:36.000Z,GA,,Account information incorrect
Credit reporting or other personal consumer reports,2026-08-31T23:59:10.000Z,Problem with a company's investigation into an existing problem,Credit reporting,70605,,26187156,Yes,In progress,Web,"TRANSUNION INTERMEDIATE HOLDINGS, INC.",2026-08-31T23:55:33.000Z,LA,,Investigation took more than 30 days
Credit reporting or other personal consumer reports,2026-08-31T23:58:30.000Z,Incorrect information on your report,Credit reporting,96701,,26187108,Yes,Closed with non-monetary relief,Web,"EQUIFAX, INC.",2026-08-31T23:55:33.000Z,HI,,Personal information incorrect
Credit reporting or other personal consumer reports,2026-08-31T23:57:30.000Z,Incorrect information on your report,Credit reporting,33157,,26187041,Yes,In progress,Web,"TRANSUNION INTERMEDIATE HOLDINGS, INC.",2026-08-31T23:55:31.000Z,FL,,Personal information incorrect
Credit reporting or other personal consumer reports,2026-09-01T00:02:18.000Z,Incorrect information on your report,Credit reporting,77489,,26187278,Yes,Closed with explanation,Web,"EQUIFAX, INC.",2026-08-31T23:55:29.000Z,TX,,Information belongs to someone else
Credit reporting or other personal consumer reports,2026-08-31T23:58:18.000Z,Incorrect information on your report,Credit reporting,92345,,26187107,Yes,In progress,Web,"TRANSUNION INTERMEDIATE HOLDINGS, INC.",2026-08-31T23:55:28.000Z,CA,,Public record information inaccurate
Credit reporting or other personal consumer reports,2026-08-31T23:55:47.000Z,Problem with a company's investigation into an existing problem,Credit reporting,02128,,26186976,Yes,Closed with explanation,Web,"TRANSUNION INTERMEDIATE HOLDINGS, INC.",2026-08-31T23:55:25.000Z,MA,Company has responded to the consumer and the CFPB and chooses not to provide a public response,Investigation took more than 30 days
Credit reporting or other personal consumer reports,2026-08-31T23:55:47.000Z,Problem with a company's investigation into an existing problem,Credit reporting,02128,,26186975,Yes,In progress,Web,Experian Information Solutions Inc.,2026-08-31T23:55:25.000Z,MA,,Investigation took more than 30 days
Credit reporting or other personal consumer reports,2026-09-01T00:05:04.000Z,Incorrect information on your report,Credit reporting,76063,,26188047,Yes,Closed with explanation,Web,"EQUIFAX, INC.",2026-08-31T23:59:58.000Z,TX,,Information belongs to someone else
Credit reporting or other personal consumer reports,2026-09-01T00:02:22.000Z,Incorrect information on your report,Credit reporting,90201,,26187281,Yes,In progress,Web,"TRANSUNION INTERMEDIATE HOLDINGS, INC.",2026-08-31T23:59:58.000Z,CA,,Information belongs to someone else
Credit reporting or other personal consumer reports,2026-09-01T00:05:02.000Z,Incorrect information on your report,Credit reporting,92592,,26188039,Yes,Closed with explanation,Web,"EQUIFAX, INC.",2026-08-31T23:59:48.000Z,CA,,Information belongs to someone else
Credit reporting or other personal consumer reports,2026-09-01T00:05:21.000Z,Incorrect information on your report,Credit reporting,78572,,26188068,Yes,In progress,Web,"TRANSUNION INTERMEDIATE HOLDINGS, INC.",2026-08-31T23:59:43.000Z,TX,,Information belongs to someone else
Credit reporting or other personal consumer reports,2026-09-01T00:06:47.000Z,Problem with a company's investigation into an existing problem,Credit reporting,20002,,26188107,Yes,In progress,Web,Experian Information Solutions Inc.,2026-08-31T23:59:42.000Z,DC,,Investigation took more than 30 days
Credit reporting or other personal consumer reports,2026-09-01T00:05:25.000Z,Incorrect information on your report,Credit reporting,78572,,26188067,Yes,In progress,Web,"EQUIFAX, INC.",2026-08-31T23:59:42.000Z,TX,,Information belongs to someone else
Credit reporting or other personal consumer reports,2026-09-01T00:05:23.000Z,Incorrect information on your report,Credit reporting,78572,,26188061,Yes,In progress,Web,"TRANSUNION INTERMEDIATE HOLDINGS, INC.",2026-08-31T23:59:41.000Z,TX,,Account status incorrect
Credit reporting or other personal consumer reports,2026-09-01T00:05:15.000Z,Incorrect information on your report,Credit reporting,78572,,26188057,Yes,In progress,Web,"EQUIFAX, INC.",2026-08-31T23:59:40.000Z,TX,,Account status incorrect
Credit reporting or other personal consumer reports,2026-09-01T00:04:19.000Z,Incorrect information on your report,Credit reporting,78572,,26187816,Yes,In progress,Web,Experian Information Solutions Inc.,2026-08-31T23:59:39.000Z,TX,,Account information incorrect
Debt collection,2026-09-01T00:11:12.000Z,Took or threatened to take negative or legal action,I do not know,33311,,26188237,Yes,Closed with explanation,Web,TekCollect Inc.,2026-08-31T23:59:38.000Z,FL,Company believes the complaint provided an opportunity to answer consumer's questions,Threatened or suggested your credit would be damaged
Debt collection,2026-09-01T00:04:09.000Z,Attempts to collect debt not owed,Other debt,19802,,26187813,Yes,Closed with explanation,Web,"Affirm Holdings, Inc",2026-08-31T23:59:35.000Z,DE,,Debt was paid
Credit reporting or other personal consumer reports,2026-09-01T00:18:45.000Z,Incorrect information on your report,Credit reporting,20010,,26188488,Yes,In progress,Web,Experian Information Solutions Inc.,2026-08-31T23:59:32.000Z,DC,,Information belongs to someone else
Credit reporting or other personal consumer reports,2026-08-31T23:59:55.000Z,Incorrect information on your report,Credit reporting,27704,,26187192,Yes,Closed with non-monetary relief,Web,"EQUIFAX, INC.",2026-08-31T23:59:31.000Z,NC,,Information belongs to someone else
Credit reporting or other personal consumer reports,2026-08-31T23:59:55.000Z,Incorrect information on your report,Credit reporting,27704,,26187191,Yes,In progress,Web,Experian Information Solutions Inc.,2026-08-31T23:59:31.000Z,NC,,Information belongs to someone else
Credit reporting or other personal consumer reports,2026-09-01T00:01:14.000Z,Problem with a company's investigation into an existing problem,Credit reporting,34120,,26187250,Yes,In progress,Web,Experian Information Solutions Inc.,2026-08-31T23:59:19.000Z,FL,,Investigation took more than 30 days
Credit reporting or other personal consumer reports,2026-09-01T00:02:46.000Z,Incorrect information on your report,Credit reporting,32726,,26187294,Yes,In progress,Web,Experian Information Solutions Inc.,2026-08-31T23:59:09.000Z,FL,,Information belongs to someone else
Credit reporting or other personal consumer reports,2026-09-01T00:03:46.000Z,Improper use of your report,Credit reporting,92555,,26187614,Yes,In progress,Web,"EQUIFAX, INC.",2026-08-31T23:59:07.000Z,CA,,Reporting company used your report improperly
Credit reporting or other personal consumer reports,2026-09-01T01:20:50.000Z,Problem with a company's investigation into an existing issue,Other personal consumer report,91344,,26192112,Yes,Closed with explanation,Web,"Fidelity National Information Services, Inc. (FNIS)",2026-08-31T23:59:04.000Z,CA,Company has responded to the consumer and the CFPB and chooses not to provide a public response,Problem with personal statement of dispute
Credit reporting or other personal consumer reports,2026-09-01T00:05:11.000Z,Incorrect information on your report,Credit reporting,33162,,26188050,Yes,Closed with explanation,Web,"EQUIFAX, INC.",2026-08-31T23:59:04.000Z,FL,,Information belongs to someone else
Credit reporting or other personal consumer reports,2026-09-01T00:16:38.000Z,Problem with a company's investigation into an existing problem,Credit reporting,13057,,26188425,Yes,In progress,Web,"TRANSUNION INTERMEDIATE HOLDINGS, INC.",2026-08-31T23:58:56.000Z,NY,,Their investigation did not fix an error on your report
Credit reporting or other personal consumer reports,2026-08-31T23:59:18.000Z,Incorrect information on your report,Credit reporting,75189,,26187159,Yes,In progress,Web,"EQUIFAX, INC.",2026-08-31T23:58:55.000Z,TX,,Account information incorrect
Credit reporting or other personal consumer reports,2026-09-01T00:02:25.000Z,Problem with a company's investigation into an existing problem,Credit reporting,30004,,26187282,Yes,Closed with explanation,Web,"TRANSUNION INTERMEDIATE HOLDINGS, INC.",2026-08-31T23:58:54.000Z,GA,Company has responded to the consumer and the CFPB and chooses not to provide a public response,Investigation took more than 30 days
Credit reporting or other personal consumer reports,2026-09-01T00:01:11.000Z,Problem with a company's investigation into an existing problem,Credit reporting,90062,,26187248,Yes,Closed with explanation,Web,"TRANSUNION INTERMEDIATE HOLDINGS, INC.",2026-08-31T23:58:54.000Z,CA,Company has responded to the consumer and the CFPB and chooses not to provide a public response,Investigation took more than 30 days
Checking or savings account,2026-09-01T00:23:08.000Z,Managing an account,Checking account,95616,,26188711,Yes,Closed with explanation,Web,JPMORGAN CHASE & CO.,2026-08-31T23:58:45.000Z,CA,,Deposits and withdrawals
Credit reporting or other personal consumer reports,2026-09-01T00:02:24.000Z,Incorrect information on your report,Credit reporting,00771,,26187283,Yes,In progress,Web,"EQUIFAX, INC.",2026-08-31T23:58:42.000Z,PR,,Account information incorrect
Credit reporting or other personal consumer reports,2026-09-01T00:14:26.000Z,Improper use of your report,Credit reporting,23009,,26188368,Yes,In progress,Web,"EQUIFAX, INC.",2026-08-31T23:58:40.000Z,VA,,Reporting company used your report improperly
Credit reporting or other personal consumer reports,2026-09-01T00:01:02.000Z,Incorrect information on your report,Credit reporting,30331,,26187241,Yes,Closed with explanation,Web,"TRANSUNION INTERMEDIATE HOLDINGS, INC.",2026-08-31T23:58:32.000Z,GA,Company has responded to the consumer and the CFPB and chooses not to provide a public response,Account information incorrect
Credit reporting or other personal consumer reports,2026-09-01T00:06:21.000Z,Problem with a company's investigation into an existing problem,Credit reporting,39046,,26188097,Yes,In progress,Web,"TRANSUNION INTERMEDIATE HOLDINGS, INC.",2026-08-31T23:58:30.000Z,MS,,Their investigation did not fix an error on your report
Credit reporting or other personal consumer reports,2026-08-31T23:58:51.000Z,Problem with a company's investigation into an existing problem,Credit reporting,33311,,26187149,Yes,In progress,Web,"TRANSUNION INTERMEDIATE HOLDINGS, INC.",2026-08-31T23:58:30.000Z,FL,,Investigation took more than 30 days
Credit reporting or other personal consumer reports,2026-09-01T00:02:42.000Z,Incorrect information on your report,Credit reporting,78212,,26187296,Yes,Closed with explanation,Web,"TRANSUNION INTERMEDIATE HOLDINGS, INC.",2026-08-31T23:58:29.000Z,TX,Company has responded to the consumer and the CFPB and chooses not to provide a public response,Information belongs to someone else
Credit reporting or other personal consumer reports,2026-08-31T23:58:53.000Z,Improper use of your report,Credit reporting,78599,,26187119,Yes,Closed with explanation,Web,"EQUIFAX, INC.",2026-08-31T23:58:28.000Z,TX,,Report provided to employer without your written authorization
Credit reporting or other personal consumer reports,2026-08-31T23:58:53.000Z,Improper use of your report,Credit reporting,78599,,26187118,Yes,In progress,Web,Experian Information Solutions Inc.,2026-08-31T23:58:28.000Z,TX,,Report provided to employer without your written authorization
Credit reporting or other personal consumer reports,2026-09-01T00:01:36.000Z,Incorrect information on your report,Credit reporting,33859,,26187259,Yes,Closed with explanation,Web,"TRANSUNION INTERMEDIATE HOLDINGS, INC.",2026-08-31T23:58:27.000Z,FL,Company has responded to the consumer and the CFPB and chooses not to provide a public response,Information belongs to someone else
Credit reporting or other personal consumer reports,2026-09-01T02:00:25.000Z,Incorrect information on your report,Credit reporting,76537,,26187224,Yes,In progress,Web,"TRANSUNION INTERMEDIATE HOLDINGS, INC.",2026-08-31T23:58:24.000Z,TX,,Information belongs to someone else
Credit reporting or other personal consumer reports,2026-09-01T00:01:02.000Z,Incorrect information on your report,Credit reporting,30328,,26187247,Yes,Closed with explanation,Web,"EQUIFAX, INC.",2026-08-31T23:58:20.000Z,GA,,Information belongs to someone else
Credit reporting or other personal consumer reports,2026-09-01T00:02:16.000Z,Improper use of your report,Credit reporting,77477,,26187277,Yes,In progress,Web,Experian Information Solutions Inc.,2026-08-31T23:58:19.000Z,TX,,Reporting company used your report improperly
Credit reporting or other personal consumer reports,2026-09-01T00:02:23.000Z,Improper use of your report,Credit reporting,77477,,26187284,Yes,Closed with explanation,Web,"TRANSUNION INTERMEDIATE HOLDINGS, INC.",2026-08-31T23:58:18.000Z,TX,Company has responded to the consumer and the CFPB and chooses not to provide a public response,Reporting company used your report improperly
Credit reporting or other personal consumer reports,2026-09-01T00:03:23.000Z,Incorrect information on your report,Credit reporting,75093,,26187607,Yes,In progress,Web,"TRANSUNION INTERMEDIATE HOLDINGS, INC.",2026-08-31T23:58:11.000Z,TX,,Information belongs to someone else
Credit reporting or other personal consumer reports,2026-09-01T00:02:55.000Z,Incorrect information on your report,Credit reporting,07514,,26187458,Yes,In progress,Web,Experian Information Solutions Inc.,2026-08-31T23:58:10.000Z,NJ,,Information belongs to someone else
Debt collection,2026-09-01T00:01:50.000Z,Attempts to collect debt not owed,I do not know,33166,,26187267,Yes,Closed with explanation,Web,Synergetic Communication Inc,2026-08-31T23:58:09.000Z,FL,,Debt is not yours
Credit reporting or other personal consumer reports,2026-09-01T00:02:15.000Z,Improper use of your report,Credit reporting,77477,,26187275,Yes,Closed with explanation,Web,"EQUIFAX, INC.",2026-08-31T23:58:06.000Z,TX,,Reporting company used your report improperly
Credit reporting or other personal consumer reports,2026-09-01T00:01:02.000Z,Incorrect information on your report,Credit reporting,78109,,26187246,Yes,In progress,Web,Experian Information Solutions Inc.,2026-08-31T23:58:06.000Z,TX,,Account status incorrect
Credit reporting or other personal consumer reports,2026-09-01T00:01:30.000Z,Problem with a company's investigation into an existing problem,Credit reporting,90603,Older American,26187252,Yes,Closed with explanation,Web,"TRANSUNION INTERMEDIATE HOLDINGS, INC.",2026-08-31T23:58:04.000Z,CA,Company has responded to the consumer and the CFPB and chooses not to provide a public response,Their investigation did not fix an error on your report
Credit reporting or other personal consumer reports,2026-08-31T23:58:14.000Z,Incorrect information on your report,Credit reporting,75006,,26187077,Yes,In progress,Web,Experian Information Solutions Inc.,2026-08-31T23:57:52.000Z,TX,,Information belongs to someone else
Credit reporting or other personal consumer reports,2026-09-01T00:08:16.000Z,Problem with a company's investigation into an existing problem,Credit reporting,33598,,26188138,Yes,Closed with explanation,Web,"EQUIFAX, INC.",2026-08-31T23:57:49.000Z,FL,,Their investigation did not fix an error on your report
Debt collection,2026-09-11T21:08:38.000Z,False statements or representation,Telecommunications debt,94587,,26187467,Yes,Closed with non-monetary relief,Web,CL Holdings LLC,2026-08-31T23:57:45.000Z,CA,,Attempted to collect wrong amount
Credit reporting or other personal consumer reports,2026-08-31T23:58:09.000Z,Incorrect information on your report,Credit reporting,78212,Servicemember,26187075,Yes,In progress,Web,"TRANSUNION INTERMEDIATE HOLDINGS, INC.",2026-08-31T23:57:45.000Z,TX,,Account status incorrect
Credit reporting or other personal consumer reports,2026-08-31T23:58:12.000Z,Incorrect information on your report,Credit reporting,78212,Servicemember,26187074,Yes,In progress,Web,Experian Information Solutions Inc.,2026-08-31T23:57:45.000Z,TX,,Account status incorrect
Credit reporting or other personal consumer reports,2026-08-31T23:58:10.000Z,Incorrect information on your report,Credit reporting,78212,Servicemember,26187073,Yes,Closed with explanation,Web,"EQUIFAX, INC.",2026-08-31T23:57:45.000Z,TX,,Account status incorrect
Credit reporting or other personal consumer reports,2026-08-31T23:58:05.000Z,Incorrect information on your report,Credit reporting,19136,,26187071,Yes,In progress,Web,"TRANSUNION INTERMEDIATE HOLDINGS, INC.",2026-08-31T23:57:43.000Z,PA,,Account information incorrect
Credit reporting or other personal consumer reports,2026-08-31T23:58:05.000Z,Incorrect information on your report,Credit reporting,19136,,26187070,Yes,In progress,Web,Experian Information Solutions Inc.,2026-08-31T23:57:43.000Z,PA,,Account information incorrect
Credit reporting or other personal consumer reports,2026-09-01T00:00:03.000Z,Incorrect information on your report,Credit reporting,90201,,26187196,Yes,In progress,Web,"EQUIFAX, INC.",2026-08-31T23:57:42.000Z,CA,,Information belongs to someone else
Credit reporting or other personal consumer reports,2026-09-01T00:33:04.000Z,Incorrect information on your report,Credit reporting,29649,,26189465,Yes,Closed with non-monetary relief,Web,"EQUIFAX, INC.",2026-08-31T23:57:40.000Z,SC,,Account information incorrect
Credit reporting or other personal consumer reports,2026-09-01T00:00:31.000Z,Unable to get your credit report or credit score,Credit reporting,30265,,26187228,Yes,In progress,Web,"EQUIFAX, INC.",2026-08-31T23:57:40.000Z,GA,,Other problem getting your report or credit score
Credit reporting or other personal consumer reports,2026-09-01T00:00:02.000Z,Incorrect information on your report,Credit reporting,29045,,26187194,Yes,In progress,Web,Experian Information Solutions Inc.,2026-08-31T23:57:40.000Z,SC,,Information belongs to someone else
Credit reporting or other personal consumer reports,2026-09-01T00:00:21.000Z,Incorrect information on your report,Credit reporting,60620,,26187225,Yes,Closed with explanation,Web,"TRANSUNION INTERMEDIATE HOLDINGS, INC.",2026-08-31T23:57:39.000Z,IL,Company has responded to the consumer and the CFPB and chooses not to provide a public response,Information belongs to someone else
Credit reporting or other personal consumer reports,2026-08-31T23:58:01.000Z,Incorrect information on your report,Credit reporting,75093,,26187068,Yes,In progress,Web,Experian Information Solutions Inc.,2026-08-31T23:57:39.000Z,TX,,Information belongs to someone else
Credit reporting or other personal consumer reports,2026-08-31T23:58:00.000Z,Incorrect information on your report,Credit reporting,10280,,26187067,Yes,In progress,Web,"TRANSUNION INTERMEDIATE HOLDINGS, INC.",2026-08-31T23:57:38.000Z,NY,,Information belongs to someone else
Credit reporting or other personal consumer reports,2026-08-31T23:58:01.000Z,Incorrect information on your report,Credit reporting,10280,,26187066,Yes,In progress,Web,Experian Information Solutions Inc.,2026-08-31T23:57:38.000Z,NY,,Information belongs to someone else
Credit reporting or other personal consumer reports,2026-09-01T00:02:18.000Z,Incorrect information on your report,Credit reporting,78577,,26187276,Yes,In progress,Web,"EQUIFAX, INC.",2026-08-31T23:57:34.000Z,TX,,Account information incorrect
Credit reporting or other personal consumer reports,2026-09-01T00:03:27.000Z,Improper use of your report,Credit reporting,38614,,26187612,Yes,In progress,Web,"EQUIFAX, INC.",2026-08-31T23:57:33.000Z,MS,,Reporting company used your report improperly
Credit reporting or other personal consumer reports,2026-09-01T00:03:26.000Z,Improper use of your report,Credit reporting,38614,,26187610,Yes,In progress,Web,Experian Information Solutions Inc.,2026-08-31T23:57:32.000Z,MS,,Reporting company used your report improperly
Credit reporting or other personal consumer reports,2026-08-31T23:59:34.000Z,Improper use of your report,Credit reporting,33624,,26187163,Yes,In progress,Web,"TRANSUNION INTERMEDIATE HOLDINGS, INC.",2026-08-31T23:57:27.000Z,FL,,Reporting company used your report improperly
Credit reporting or other personal consumer reports,2026-09-01T00:01:52.000Z,Problem with a company's investigation into an existing problem,Credit reporting,30241,,26187268,Yes,In progress,Web,Experian Information Solutions Inc.,2026-08-31T23:57:24.000Z,GA,,Investigation took more than 30 days
Credit reporting or other personal consumer reports,2026-09-01T00:07:55.000Z,Problem with a company's investigation into an existing problem,Credit reporting,11220,,26188124,Yes,In progress,Web,Experian Information Solutions Inc.,2026-08-31T23:57:22.000Z,NY,,Their investigation did not fix an error on your report
Credit reporting or other personal consumer reports,2026-08-31T23:57:40.000Z,Incorrect information on your report,Credit reporting,71827,,26187059,Yes,Closed with non-monetary relief,Web,"EQUIFAX, INC.",2026-08-31T23:57:21.000Z,AR,,Personal information incorrect
Credit reporting or other personal consumer reports,2026-08-31T23:57:28.000Z,Incorrect information on your report,Credit reporting,30265,,26187044,Yes,In progress,Web,Experian Information Solutions Inc.,2026-08-31T23:57:08.000Z,GA,,Information belongs to someone else
Credit reporting or other personal consumer reports,2026-09-01T00:00:16.000Z,Problem with a company's investigation into an existing problem,Credit reporting,78504,,26187223,Yes,Closed with explanation,Web,"TRANSUNION INTERMEDIATE HOLDINGS, INC.",2026-08-31T23:57:06.000Z,TX,Company has responded to the consumer and the CFPB and chooses not to provide a public response,Investigation took more than 30 days
Credit reporting or other personal consumer reports,2026-08-31T23:59:27.000Z,Incorrect information on your report,Credit reporting,30127,,26187162,Yes,Closed with explanation,Web,"EQUIFAX, INC.",2026-08-31T23:57:05.000Z,GA,,Information belongs to someone else
Credit reporting or other personal consumer reports,2026-09-01T00:01:45.000Z,Incorrect information on your report,Credit reporting,60440,,26187263,Yes,Closed with explanation,Web,"EQUIFAX, INC.",2026-08-31T23:57:04.000Z,IL,,Information belongs to someone else
Credit reporting or other personal consumer reports,2026-09-01T00:09:31.000Z,Incorrect information on your report,Credit reporting,70341,,26188190,Yes,In progress,Web,Experian Information Solutions Inc.,2026-08-31T23:57:03.000Z,LA,,Information belongs to someone else
Debt collection,2026-08-31T23:59:45.000Z,Attempts to collect debt not owed,Credit card debt,,,26187189,Yes,Closed with explanation,Web,"Nelnet, Inc.",2026-08-31T23:57:03.000Z,KY,,Debt is not yours
Credit reporting or other personal consumer reports,2026-08-31T23:59:41.000Z,Problem with a company's investigation into an existing problem,Credit reporting,78504,,26187188,Yes,In progress,Web,Experian Information Solutions Inc.,2026-08-31T23:57:03.000Z,TX,,Investigation took more than 30 days
Credit reporting or other personal consumer reports,2026-09-01T00:00:47.000Z,Incorrect information on your report,Credit reporting,30127,,26187161,Yes,In progress,Web,Experian Information Solutions Inc.,2026-08-31T23:57:00.000Z,GA,,Information belongs to someone else
Credit reporting or other personal consumer reports,2026-09-01T00:07:49.000Z,Incorrect information on your report,Credit reporting,98198,,26188140,Yes,In progress,Web,Experian Information Solutions Inc.,2026-08-31T23:56:50.000Z,WA,,Information belongs to someone else
Credit reporting or other personal consumer reports,2026-08-31T23:58:55.000Z,Problem with a company's investigation into an existing problem,Credit reporting,90062,,26187150,Yes,In progress,Web,Experian Information Solutions Inc.,2026-08-31T23:56:40.000Z,CA,,Their investigation did not fix an error on your report
Credit reporting or other personal consumer reports,2026-09-01T00:03:06.000Z,Incorrect information on your report,Credit reporting,68111,,26187463,Yes,In progress,Web,"TRANSUNION INTERMEDIATE HOLDINGS, INC.",2026-08-31T23:56:37.000Z,NE,,Information belongs to someone else
Credit reporting or other personal consumer reports,2026-08-31T23:58:36.000Z,Incorrect information on your report,Credit reporting,76537,,26187111,Yes,In progress,Web,Experian Information Solutions Inc.,2026-08-31T23:56:31.000Z,TX,,Information belongs to someone else
Credit reporting or other personal consumer reports,2026-09-01T00:00:49.000Z,Unable to get your credit report or credit score,Credit reporting,93704,,26187231,Yes,In progress,Web,"EQUIFAX, INC.",2026-08-31T23:56:19.000Z,CA,,Other problem getting your report or credit score
Credit reporting or other personal consumer reports,2026-08-31T23:58:57.000Z,Incorrect information on your report,Credit reporting,18202,,26187151,Yes,Closed with explanation,Web,"TRANSUNION INTERMEDIATE HOLDINGS, INC.",2026-08-31T23:56:14.000Z,PA,Company has responded to the consumer and the CFPB and chooses not to provide a public response,Information belongs to someone else
Debt collection,2026-08-31T23:56:38.000Z,Attempts to collect debt not owed,Other debt,46615,,26187026,Yes,Closed with explanation,Web,"Rozlin Financial Group, Inc.",2026-08-31T23:56:14.000Z,IN,Company has responded to the consumer and the CFPB and chooses not to provide a public response,Debt is not yours
Credit reporting or other personal consumer reports,2026-09-01T00:14:20.000Z,Incorrect information on your report,Credit reporting,90301,,26188366,Yes,Closed with non-monetary relief,Web,"EQUIFAX, INC.",2026-08-31T23:56:13.000Z,CA,,Account information incorrect
Credit reporting or other personal consumer reports,2026-08-31T23:56:17.000Z,Improper use of your report,Credit reporting,93725,,26186991,Yes,Closed with explanation,Web,LEXISNEXIS,2026-08-31T23:55:58.000Z,CA,,Reporting company used your report improperly
Credit reporting or other personal consumer reports,2026-09-01T00:08:57.000Z,Problem with a company's investigation into an existing problem,Credit reporting,75068,Servicemember,26188152,Yes,Closed with non-monetary relief,Web,"EQUIFAX, INC.",2026-08-31T23:55:57.000Z,TX,,Their investigation did not fix an error on your report
Credit reporting or other personal consumer reports,2026-08-31T23:56:18.000Z,Improper use of your report,Credit reporting,93704,,26186988,Yes,Closed with explanation,Web,"TRANSUNION INTERMEDIATE HOLDINGS, INC.",2026-08-31T23:55:54.000Z,CA,Company has responded to the consumer and the CFPB and chooses not to provide a public response,Reporting company used your report improperly
Credit reporting or other personal consumer reports,2026-08-31T23:56:15.000Z,Improper use of your report,Credit reporting,10466,,26186987,Yes,Closed with explanation,Web,"TRANSUNION INTERMEDIATE HOLDINGS, INC.",2026-08-31T23:55:52.000Z,NY,Company has responded to the consumer and the CFPB and chooses not to provide a public response,Reporting company used your report improperly
Credit reporting or other personal consumer reports,2026-08-31T23:56:14.000Z,Improper use of your report,Credit reporting,10466,,26186986,Yes,In progress,Web,Experian Information Solutions Inc.,2026-08-31T23:55:52.000Z,NY,,Reporting company used your report improperly
Credit reporting or other personal consumer reports,2026-08-31T23:56:08.000Z,Improper use of your report,Credit reporting,34667,,26186983,Yes,Closed with explanation,Web,"TRANSUNION INTERMEDIATE HOLDINGS, INC.",2026-08-31T23:55:48.000Z,FL,Company has responded to the consumer and the CFPB and chooses not to provide a public response,Reporting company used your report improperly
Credit reporting or other personal consumer reports,2026-08-31T23:56:08.000Z,Improper use of your report,Credit reporting,34667,,26186982,Yes,In progress,Web,Experian Information Solutions Inc.,2026-08-31T23:55:48.000Z,FL,,Reporting company used your report improperly
Credit reporting or other personal consumer reports,2026-09-01T00:00:51.000Z,Incorrect information on your report,Credit reporting,78416,,26187230,Yes,Closed with explanation,Web,"EQUIFAX, INC.",2026-08-31T23:55:46.000Z,TX,,Information belongs to someone else
Credit reporting or other personal consumer reports,2026-08-31T23:57:59.000Z,Incorrect information on your report,Credit reporting,20120,,26187063,Yes,Closed with non-monetary relief,Web,LEXISNEXIS,2026-08-31T23:55:36.000Z,VA,,Information belongs to someone else
Credit reporting or other personal consumer reports,2026-08-31T23:55:59.000Z,Incorrect information on your report,Credit reporting,30349,,26186979,Yes,In progress,Web,"TRANSUNION INTERMEDIATE HOLDINGS, INC.",2026-08-31T23:55:36.000Z,GA,,Account information incorrect
Credit reporting or other personal consumer reports,2026-08-31T23:56:01.000Z,Incorrect information on your report,Credit reporting,30349,,26186978,Yes,Closed with non-monetary relief,Web,"EQUIFAX, INC.",2026-08-31T23:55:36.000Z,GA,,Account information incorrect
Credit reporting or other personal consumer reports,2026-08-31T23:59:10.000Z,Problem with a company's investigation into an existing problem,Credit reporting,70605,,26187156,Yes,In progress,Web,"TRANSUNION INTERMEDIATE HOLDINGS, INC.",2026-08-31T23:55:33.000Z,LA,,Investigation took more than 30 days
Credit reporting or other personal consumer reports,2026-08-31T23:58:30.000Z,Incorrect information on your report,Credit reporting,96701,,26187108,Yes,Closed with non-monetary relief,Web,"EQUIFAX, INC.",2026-08-31T23:55:33.000Z,HI,,Personal information incorrect
Credit reporting or other personal consumer reports,2026-08-31T23:57:30.000Z,Incorrect information on your report,Credit reporting,33157,,26187041,Yes,In progress,Web,"TRANSUNION INTERMEDIATE HOLDINGS, INC.",2026-08-31T23:55:31.000Z,FL,,Personal information incorrect
Credit reporting or other personal consumer reports,2026-09-01T00:02:18.000Z,Incorrect information on your report,Credit reporting,77489,,26187278,Yes,Closed with explanation,Web,"EQUIFAX, INC.",2026-08-31T23:55:29.000Z,TX,,Information belongs to someone else
Credit reporting or other personal consumer reports,2026-08-31T23:58:18.000Z,Incorrect information on your report,Credit reporting,92345,,26187107,Yes,In progress,Web,"TRANSUNION INTERMEDIATE HOLDINGS, INC.",2026-08-31T23:55:28.000Z,CA,,Public record information inaccurate
Credit reporting or other personal consumer reports,2026-08-31T23:55:47.000Z,Problem with a company's investigation into an existing problem,Credit reporting,02128,,26186976,Yes,Closed with explanation,Web,"TRANSUNION INTERMEDIATE HOLDINGS, INC.",2026-08-31T23:55:25.000Z,MA,Company has responded to the consumer and the CFPB and chooses not to provide a public response,Investigation took more than 30 days
Credit reporting or other personal consumer reports,2026-08-31T23:55:47.000Z,Problem with a company's investigation into an existing problem,Credit reporting,02128,,26186975,Yes,In progress,Web,Experian Information Solutions Inc.,2026-08-31T23:55:25.000Z,MA,,Investigation took more than 30 days
Credit reporting or other personal consumer reports,2026-09-01T00:05:04.000Z,Incorrect information on your report,Credit reporting,76063,,26188047,Yes,Closed with explanation,Web,"EQUIFAX, INC.",2026-08-31T23:59:58.000Z,TX,,Information belongs to someone else
Credit reporting or other personal consumer reports,2026-09-01T00:02:22.000Z,Incorrect information on your report,Credit reporting,90201,,26187281,Yes,In progress,Web,"TRANSUNION INTERMEDIATE HOLDINGS, INC.",2026-08-31T23:59:58.000Z,CA,,Information belongs to someone else
Credit reporting or other personal consumer reports,2026-09-01T00:05:02.000Z,Incorrect information on your report,Credit reporting,92592,,26188039,Yes,Closed with explanation,Web,"EQUIFAX, INC.",2026-08-31T23:59:48.000Z,CA,,Information belongs to someone else
Credit reporting or other personal consumer reports,2026-09-01T00:05:21.000Z,Incorrect information on your report,Credit reporting,78572,,26188068,Yes,In progress,Web,"TRANSUNION INTERMEDIATE HOLDINGS, INC.",2026-08-31T23:59:43.000Z,TX,,Information belongs to someone else
Credit reporting or other personal consumer reports,2026-09-01T00:06:47.000Z,Problem with a company's investigation into an existing problem,Credit reporting,20002,,26188107,Yes,In progress,Web,Experian Information Solutions Inc.,2026-08-31T23:59:42.000Z,DC,,Investigation took more than 30 days
Credit reporting or other personal consumer reports,2026-09-01T00:05:25.000Z,Incorrect information on your report,Credit reporting,78572,,26188067,Yes,In progress,Web,"EQUIFAX, INC.",2026-08-31T23:59:42.000Z,TX,,Information belongs to someone else
Credit reporting or other personal consumer reports,2026-09-01T00:05:23.000Z,Incorrect information on your report,Credit reporting,78572,,26188061,Yes,In progress,Web,"TRANSUNION INTERMEDIATE HOLDINGS, INC.",2026-08-31T23:59:41.000Z,TX,,Account status incorrect
Credit reporting or other personal consumer reports,2026-09-01T00:05:15.000Z,Incorrect information on your report,Credit reporting,78572,,26188057,Yes,In progress,Web,"EQUIFAX, INC.",2026-08-31T23:59:40.000Z,TX,,Account status incorrect
Credit reporting or other personal consumer reports,2026-09-01T00:04:19.000Z,Incorrect information on your report,Credit reporting,78572,,26187816,Yes,In progress,Web,Experian Information Solutions Inc.,2026-08-31T23:59:39.000Z,TX,,Account information incorrect
Debt collection,2026-09-01T00:11:12.000Z,Took or threatened to take negative or legal action,I do not know,33311,,26188237,Yes,Closed with explanation,Web,TekCollect Inc.,2026-08-31T23:59:38.000Z,FL,Company believes the complaint provided an opportunity to answer consumer's questions,Threatened or suggested your credit would be damaged
Debt collection,2026-09-01T00:04:09.000Z,Attempts to collect debt not owed,Other debt,19802,,26187813,Yes,Closed with explanation,Web,"Affirm Holdings, Inc",2026-08-31T23:59:35.000Z,DE,,Debt was paid
Credit reporting or other personal consumer reports,2026-09-01T00:18:45.000Z,Incorrect information on your report,Credit reporting,20010,,26188488,Yes,In progress,Web,Experian Information Solutions Inc.,2026-08-31T23:59:32.000Z,DC,,Information belongs to someone else
Credit reporting or other personal consumer reports,2026-08-31T23:59:55.000Z,Incorrect information on your report,Credit reporting,27704,,26187192,Yes,Closed with non-monetary relief,Web,"EQUIFAX, INC.",2026-08-31T23:59:31.000Z,NC,,Information belongs to someone else
Credit reporting or other personal consumer reports,2026-08-31T23:59:55.000Z,Incorrect information on your report,Credit reporting,27704,,26187191,Yes,In progress,Web,Experian Information Solutions Inc.,2026-08-31T23:59:31.000Z,NC,,Information belongs to someone else
Credit reporting or other personal consumer reports,2026-09-01T00:01:14.000Z,Problem with a company's investigation into an existing problem,Credit reporting,34120,,26187250,Yes,In progress,Web,Experian Information Solutions Inc.,2026-08-31T23:59:19.000Z,FL,,Investigation took more than 30 days
Credit reporting or other personal consumer reports,2026-09-01T00:02:46.000Z,Incorrect information on your report,Credit reporting,32726,,26187294,Yes,In progress,Web,Experian Information Solutions Inc.,2026-08-31T23:59:09.000Z,FL,,Information belongs to someone else
Credit reporting or other personal consumer reports,2026-09-01T00:03:46.000Z,Improper use of your report,Credit reporting,92555,,26187614,Yes,In progress,Web,"EQUIFAX, INC.",2026-08-31T23:59:07.000Z,CA,,Reporting company used your report improperly
Credit reporting or other personal consumer reports,2026-09-01T01:20:50.000Z,Problem with a company's investigation into an existing issue,Other personal consumer report,91344,,26192112,Yes,Closed with explanation,Web,"Fidelity National Information Services, Inc. (FNIS)",2026-08-31T23:59:04.000Z,CA,Company has responded to the consumer and the CFPB and chooses not to provide a public response,Problem with personal statement of dispute
Credit reporting or other personal consumer reports,2026-09-01T00:05:11.000Z,Incorrect information on your report,Credit reporting,33162,,26188050,Yes,Closed with explanation,Web,"EQUIFAX, INC.",2026-08-31T23:59:04.000Z,FL,,Information belongs to someone else
Credit reporting or other personal consumer reports,2026-09-01T00:16:38.000Z,Problem with a company's investigation into an existing problem,Credit reporting,13057,,26188425,Yes,In progress,Web,"TRANSUNION INTERMEDIATE HOLDINGS, INC.",2026-08-31T23:58:56.000Z,NY,,Their investigation did not fix an error on your report
Credit reporting or other personal consumer reports,2026-08-31T23:59:18.000Z,Incorrect information on your report,Credit reporting,75189,,26187159,Yes,In progress,Web,"EQUIFAX, INC.",2026-08-31T23:58:55.000Z,TX,,Account information incorrect
Credit reporting or other personal consumer reports,2026-09-01T00:02:25.000Z,Problem with a company's investigation into an existing problem,Credit reporting,30004,,26187282,Yes,Closed with explanation,Web,"TRANSUNION INTERMEDIATE HOLDINGS, INC.",2026-08-31T23:58:54.000Z,GA,Company has responded to the consumer and the CFPB and chooses not to provide a public response,Investigation took more than 30 days
Credit reporting or other personal consumer reports,2026-09-01T00:01:11.000Z,Problem with a company's investigation into an existing problem,Credit reporting,90062,,26187248,Yes,Closed with explanation,Web,"TRANSUNION INTERMEDIATE HOLDINGS, INC.",2026-08-31T23:58:54.000Z,CA,Company has responded to the consumer and the CFPB and chooses not to provide a public response,Investigation took more than 30 days
Checking or savings account,2026-09-01T00:23:08.000Z,Managing an account,Checking account,95616,,26188711,Yes,Closed with explanation,Web,JPMORGAN CHASE & CO.,2026-08-31T23:58:45.000Z,CA,,Deposits and withdrawals
Credit reporting or other personal consumer reports,2026-09-01T00:02:24.000Z,Incorrect information on your report,Credit reporting,00771,,26187283,Yes,In progress,Web,"EQUIFAX, INC.",2026-08-31T23:58:42.000Z,PR,,Account information incorrect
Credit reporting or other personal consumer reports,2026-09-01T00:14:26.000Z,Improper use of your report,Credit reporting,23009,,26188368,Yes,In progress,Web,"EQUIFAX, INC.",2026-08-31T23:58:40.000Z,VA,,Reporting company used your report improperly
Credit reporting or other personal consumer reports,2026-09-01T00:01:02.000Z,Incorrect information on your report,Credit reporting,30331,,26187241,Yes,Closed with explanation,Web,"TRANSUNION INTERMEDIATE HOLDINGS, INC.",2026-08-31T23:58:32.000Z,GA,Company has responded to the consumer and the CFPB and chooses not to provide a public response,Account information incorrect
Credit reporting or other personal consumer reports,2026-09-01T00:06:21.000Z,Problem with a company's investigation into an existing problem,Credit reporting,39046,,26188097,Yes,In progress,Web,"TRANSUNION INTERMEDIATE HOLDINGS, INC.",2026-08-31T23:58:30.000Z,MS,,Their investigation did not fix an error on your report
Credit reporting or other personal consumer reports,2026-08-31T23:58:51.000Z,Problem with a company's investigation into an existing problem,Credit reporting,33311,,26187149,Yes,In progress,Web,"TRANSUNION INTERMEDIATE HOLDINGS, INC.",2026-08-31T23:58:30.000Z,FL,,Investigation took more than 30 days
Credit reporting or other personal consumer reports,2026-09-01T00:02:42.000Z,Incorrect information on your report,Credit reporting,78212,,26187296,Yes,Closed with explanation,Web,"TRANSUNION INTERMEDIATE HOLDINGS, INC.",2026-08-31T23:58:29.000Z,TX,Company has responded to the consumer and the CFPB and chooses not to provide a public response,Information belongs to someone else
Credit reporting or other personal consumer reports,2026-08-31T23:58:53.000Z,Improper use of your report,Credit reporting,78599,,26187119,Yes,Closed with explanation,Web,"EQUIFAX, INC.",2026-08-31T23:58:28.000Z,TX,,Report provided to employer without your written authorization
Credit reporting or other personal consumer reports,2026-08-31T23:58:53.000Z,Improper use of your report,Credit reporting,78599,,26187118,Yes,In progress,Web,Experian Information Solutions Inc.,2026-08-31T23:58:28.000Z,TX,,Report provided to employer without your written authorization
Credit reporting or other personal consumer reports,2026-09-01T00:01:36.000Z,Incorrect information on your report,Credit reporting,33859,,26187259,Yes,Closed with explanation,Web,"TRANSUNION INTERMEDIATE HOLDINGS, INC.",2026-08-31T23:58:27.000Z,FL,Company has responded to the consumer and the CFPB and chooses not to provide a public response,Information belongs to someone else
Credit reporting or other personal consumer reports,2026-09-01T02:00:25.000Z,Incorrect information on your report,Credit reporting,76537,,26187224,Yes,In progress,Web,"TRANSUNION INTERMEDIATE HOLDINGS, INC.",2026-08-31T23:58:24.000Z,TX,,Information belongs to someone else
Credit reporting or other personal consumer reports,2026-09-01T00:01:02.000Z,Incorrect information on your report,Credit reporting,30328,,26187247,Yes,Closed with explanation,Web,"EQUIFAX, INC.",2026-08-31T23:58:20.000Z,GA,,Information belongs to someone else
Credit reporting or other personal consumer reports,2026-09-01T00:02:16.000Z,Improper use of your report,Credit reporting,77477,,26187277,Yes,In progress,Web,Experian Information Solutions Inc.,2026-08-31T23:58:19.000Z,TX,,Reporting company used your report improperly
Credit reporting or other personal consumer reports,2026-09-01T00:02:23.000Z,Improper use of your report,Credit reporting,77477,,26187284,Yes,Closed with explanation,Web,"TRANSUNION INTERMEDIATE HOLDINGS, INC.",2026-08-31T23:58:18.000Z,TX,Company has responded to the consumer and the CFPB and chooses not to provide a public response,Reporting company used your report improperly
Credit reporting or other personal consumer reports,2026-09-01T00:03:23.000Z,Incorrect information on your report,Credit reporting,75093,,26187607,Yes,In progress,Web,"TRANSUNION INTERMEDIATE HOLDINGS, INC.",2026-08-31T23:58:11.000Z,TX,,Information belongs to someone else
Credit reporting or other personal consumer reports,2026-09-01T00:02:55.000Z,Incorrect information on your report,Credit reporting,07514,,26187458,Yes,In progress,Web,Experian Information Solutions Inc.,2026-08-31T23:58:10.000Z,NJ,,Information belongs to someone else
Debt collection,2026-09-01T00:01:50.000Z,Attempts to collect debt not owed,I do not know,33166,,26187267,Yes,Closed with explanation,Web,Synergetic Communication Inc,2026-08-31T23:58:09.000Z,FL,,Debt is not yours
Credit reporting or other personal consumer reports,2026-09-01T00:02:15.000Z,Improper use of your report,Credit reporting,77477,,26187275,Yes,Closed with explanation,Web,"EQUIFAX, INC.",2026-08-31T23:58:06.000Z,TX,,Reporting company used your report improperly
Credit reporting or other personal consumer reports,2026-09-01T00:01:02.000Z,Incorrect information on your report,Credit reporting,78109,,26187246,Yes,In progress,Web,Experian Information Solutions Inc.,2026-08-31T23:58:06.000Z,TX,,Account status incorrect
Credit reporting or other personal consumer reports,2026-09-01T00:01:30.000Z,Problem with a company's investigation into an existing problem,Credit reporting,90603,Older American,26187252,Yes,Closed with explanation,Web,"TRANSUNION INTERMEDIATE HOLDINGS, INC.",2026-08-31T23:58:04.000Z,CA,Company has responded to the consumer and the CFPB and chooses not to provide a public response,Their investigation did not fix an error on your report
Credit reporting or other personal consumer reports,2026-08-31T23:58:14.000Z,Incorrect information on your report,Credit reporting,75006,,26187077,Yes,In progress,Web,Experian Information Solutions Inc.,2026-08-31T23:57:52.000Z,TX,,Information belongs to someone else
Credit reporting or other personal consumer reports,2026-09-01T00:08:16.000Z,Problem with a company's investigation into an existing problem,Credit reporting,33598,,26188138,Yes,Closed with explanation,Web,"EQUIFAX, INC.",2026-08-31T23:57:49.000Z,FL,,Their investigation did not fix an error on your report
Debt collection,2026-09-11T21:08:38.000Z,False statements or representation,Telecommunications debt,94587,,26187467,Yes,Closed with non-monetary relief,Web,CL Holdings LLC,2026-08-31T23:57:45.000Z,CA,,Attempted to collect wrong amount
Credit reporting or other personal consumer reports,2026-08-31T23:58:09.000Z,Incorrect information on your report,Credit reporting,78212,Servicemember,26187075,Yes,In progress,Web,"TRANSUNION INTERMEDIATE HOLDINGS, INC.",2026-08-31T23:57:45.000Z,TX,,Account status incorrect
Credit reporting or other personal consumer reports,2026-08-31T23:58:12.000Z,Incorrect information on your report,Credit reporting,78212,Servicemember,26187074,Yes,In progress,Web,Experian Information Solutions Inc.,2026-08-31T23:57:45.000Z,TX,,Account status incorrect
Credit reporting or other personal consumer reports,2026-08-31T23:58:10.000Z,Incorrect information on your report,Credit reporting,78212,Servicemember,26187073,Yes,Closed with explanation,Web,"EQUIFAX, INC.",2026-08-31T23:57:45.000Z,TX,,Account status incorrect
Credit reporting or other personal consumer reports,2026-08-31T23:58:05.000Z,Incorrect information on your report,Credit reporting,19136,,26187071,Yes,In progress,Web,"TRANSUNION INTERMEDIATE HOLDINGS, INC.",2026-08-31T23:57:43.000Z,PA,,Account information incorrect
Credit reporting or other personal consumer reports,2026-08-31T23:58:05.000Z,Incorrect information on your report,Credit reporting,19136,,26187070,Yes,In progress,Web,Experian Information Solutions Inc.,2026-08-31T23:57:43.000Z,PA,,Account information incorrect
Credit reporting or other personal consumer reports,2026-09-01T00:00:03.000Z,Incorrect information on your report,Credit reporting,90201,,26187196,Yes,In progress,Web,"EQUIFAX, INC.",2026-08-31T23:57:42.000Z,CA,,Information belongs to someone else
Credit reporting or other personal consumer reports,2026-09-01T00:33:04.000Z,Incorrect information on your report,Credit reporting,29649,,26189465,Yes,Closed with non-monetary relief,Web,"EQUIFAX, INC.",2026-08-31T23:57:40.000Z,SC,,Account information incorrect
Credit reporting or other personal consumer reports,2026-09-01T00:00:31.000Z,Unable to get your credit report or credit score,Credit reporting,30265,,26187228,Yes,In progress,Web,"EQUIFAX, INC.",2026-08-31T23:57:40.000Z,GA,,Other problem getting your report or credit score
Credit reporting or other personal consumer reports,2026-09-01T00:00:02.000Z,Incorrect information on your report,Credit reporting,29045,,26187194,Yes,In progress,Web,Experian Information Solutions Inc.,2026-08-31T23:57:40.000Z,SC,,Information belongs to someone else
Credit reporting or other personal consumer reports,2026-09-01T00:00:21.000Z,Incorrect information on your report,Credit reporting,60620,,26187225,Yes,Closed with explanation,Web,"TRANSUNION INTERMEDIATE HOLDINGS, INC.",2026-08-31T23:57:39.000Z,IL,Company has responded to the consumer and the CFPB and chooses not to provide a public response,Information belongs to someone else
Credit reporting or other personal consumer reports,2026-08-31T23:58:01.000Z,Incorrect information on your report,Credit reporting,75093,,26187068,Yes,In progress,Web,Experian Information Solutions Inc.,2026-08-31T23:57:39.000Z,TX,,Information belongs to someone else
Credit reporting or other personal consumer reports,2026-08-31T23:58:00.000Z,Incorrect information on your report,Credit reporting,10280,,26187067,Yes,In progress,Web,"TRANSUNION INTERMEDIATE HOLDINGS, INC.",2026-08-31T23:57:38.000Z,NY,,Information belongs to someone else
Credit reporting or other personal consumer reports,2026-08-31T23:58:01.000Z,Incorrect information on your report,Credit reporting,10280,,26187066,Yes,In progress,Web,Experian Information Solutions Inc.,2026-08-31T23:57:38.000Z,NY,,Information belongs to someone else
Credit reporting or other personal consumer reports,2026-09-01T00:02:18.000Z,Incorrect information on your report,Credit reporting,78577,,26187276,Yes,In progress,Web,"EQUIFAX, INC.",2026-08-31T23:57:34.000Z,TX,,Account information incorrect
Credit reporting or other personal consumer reports,2026-09-01T00:03:27.000Z,Improper use of your report,Credit reporting,38614,,26187612,Yes,In progress,Web,"EQUIFAX, INC.",2026-08-31T23:57:33.000Z,MS,,Reporting company used your report improperly
Credit reporting or other personal consumer reports,2026-09-01T00:03:26.000Z,Improper use of your report,Credit reporting,38614,,26187610,Yes,In progress,Web,Experian Information Solutions Inc.,2026-08-31T23:57:32.000Z,MS,,Reporting company used your report improperly
Credit reporting or other personal consumer reports,2026-08-31T23:59:34.000Z,Improper use of your report,Credit reporting,33624,,26187163,Yes,In progress,Web,"TRANSUNION INTERMEDIATE HOLDINGS, INC.",2026-08-31T23:57:27.000Z,FL,,Reporting company used your report improperly
Credit reporting or other personal consumer reports,2026-09-01T00:01:52.000Z,Problem with a company's investigation into an existing problem,Credit reporting,30241,,26187268,Yes,In progress,Web,Experian Information Solutions Inc.,2026-08-31T23:57:24.000Z,GA,,Investigation took more than 30 days
Credit reporting or other personal consumer reports,2026-09-01T00:07:55.000Z,Problem with a company's investigation into an existing problem,Credit reporting,11220,,26188124,Yes,In progress,Web,Experian Information Solutions Inc.,2026-08-31T23:57:22.000Z,NY,,Their investigation did not fix an error on your report
Credit reporting or other personal consumer reports,2026-08-31T23:57:40.000Z,Incorrect information on your report,Credit reporting,71827,,26187059,Yes,Closed with non-monetary relief,Web,"EQUIFAX, INC.",2026-08-31T23:57:21.000Z,AR,,Personal information incorrect
Credit reporting or other personal consumer reports,2026-08-31T23:57:28.000Z,Incorrect information on your report,Credit reporting,30265,,26187044,Yes,In progress,Web,Experian Information Solutions Inc.,2026-08-31T23:57:08.000Z,GA,,Information belongs to someone else
Credit reporting or other personal consumer reports,2026-09-01T00:00:16.000Z,Problem with a company's investigation into an existing problem,Credit reporting,78504,,26187223,Yes,Closed with explanation,Web,"TRANSUNION INTERMEDIATE HOLDINGS, INC.",2026-08-31T23:57:06.000Z,TX,Company has responded to the consumer and the CFPB and chooses not to provide a public response,Investigation took more than 30 days
Credit reporting or other personal consumer reports,2026-08-31T23:59:27.000Z,Incorrect information on your report,Credit reporting,30127,,26187162,Yes,Closed with explanation,Web,"EQUIFAX, INC.",2026-08-31T23:57:05.000Z,GA,,Information belongs to someone else
Credit reporting or other personal consumer reports,2026-09-01T00:01:45.000Z,Incorrect information on your report,Credit reporting,60440,,26187263,Yes,Closed with explanation,Web,"EQUIFAX, INC.",2026-08-31T23:57:04.000Z,IL,,Information belongs to someone else
Credit reporting or other personal consumer reports,2026-09-01T00:09:31.000Z,Incorrect information on your report,Credit reporting,70341,,26188190,Yes,In progress,Web,Experian Information Solutions Inc.,2026-08-31T23:57:03.000Z,LA,,Information belongs to someone else
Debt collection,2026-08-31T23:59:45.000Z,Attempts to collect debt not owed,Credit card debt,,,26187189,Yes,Closed with explanation,Web,"Nelnet, Inc.",2026-08-31T23:57:03.000Z,KY,,Debt is not yours
Credit reporting or other personal consumer reports,2026-08-31T23:59:41.000Z,Problem with a company's investigation into an existing problem,Credit reporting,78504,,26187188,Yes,In progress,Web,Experian Information Solutions Inc.,2026-08-31T23:57:03.000Z,TX,,Investigation took more than 30 days
Credit reporting or other personal consumer reports,2026-09-01T00:00:47.000Z,Incorrect information on your report,Credit reporting,30127,,26187161,Yes,In progress,Web,Experian Information Solutions Inc.,2026-08-31T23:57:00.000Z,GA,,Information belongs to someone else
Credit reporting or other personal consumer reports,2026-09-01T00:07:49.000Z,Incorrect information on your report,Credit reporting,98198,,26188140,Yes,In progress,Web,Experian Information Solutions Inc.,2026-08-31T23:56:50.000Z,WA,,Information belongs to someone else
Credit reporting or other personal consumer reports,2026-08-31T23:58:55.000Z,Problem with a company's investigation into an existing problem,Credit reporting,90062,,26187150,Yes,In progress,Web,Experian Information Solutions Inc.,2026-08-31T23:56:40.000Z,CA,,Their investigation did not fix an error on your report
Credit reporting or other personal consumer reports,2026-09-01T00:03:06.000Z,Incorrect information on your report,Credit reporting,68111,,26187463,Yes,In progress,Web,"TRANSUNION INTERMEDIATE HOLDINGS, INC.",2026-08-31T23:56:37.000Z,NE,,Information belongs to someone else
Credit reporting or other personal consumer reports,2026-08-31T23:58:36.000Z,Incorrect information on your report,Credit reporting,76537,,26187111,Yes,In progress,Web,Experian Information Solutions Inc.,2026-08-31T23:56:31.000Z,TX,,Information belongs to someone else
Credit reporting or other personal consumer reports,2026-09-01T00:00:49.000Z,Unable to get your credit report or credit score,Credit reporting,93704,,26187231,Yes,In progress,Web,"EQUIFAX, INC.",2026-08-31T23:56:19.000Z,CA,,Other problem getting your report or credit score
Credit reporting or other personal consumer reports,2026-08-31T23:58:57.000Z,Incorrect information on your report,Credit reporting,18202,,26187151,Yes,Closed with explanation,Web,"TRANSUNION INTERMEDIATE HOLDINGS, INC.",2026-08-31T23:56:14.000Z,PA,Company has responded to the consumer and the CFPB and chooses not to provide a public response,Information belongs to someone else
Debt collection,2026-08-31T23:56:38.000Z,Attempts to collect debt not owed,Other debt,46615,,26187026,Yes,Closed with explanation,Web,"Rozlin Financial Group, Inc.",2026-08-31T23:56:14.000Z,IN,Company has responded to the consumer and the CFPB and chooses not to provide a public response,Debt is not yours
Credit reporting or other personal consumer reports,2026-09-01T00:14:20.000Z,Incorrect information on your report,Credit reporting,90301,,26188366,Yes,Closed with non-monetary relief,Web,"EQUIFAX, INC.",2026-08-31T23:56:13.000Z,CA,,Account information incorrect
Credit reporting or other personal consumer reports,2026-08-31T23:56:17.000Z,Improper use of your report,Credit reporting,93725,,26186991,Yes,Closed with explanation,Web,LEXISNEXIS,2026-08-31T23:55:58.000Z,CA,,Reporting company used your report improperly
Credit reporting or other personal consumer reports,2026-09-01T00:08:57.000Z,Problem with a company's investigation into an existing problem,Credit reporting,75068,Servicemember,26188152,Yes,Closed with non-monetary relief,Web,"EQUIFAX, INC.",2026-08-31T23:55:57.000Z,TX,,Their investigation did not fix an error on your report
Credit reporting or other personal consumer reports,2026-08-31T23:56:18.000Z,Improper use of your report,Credit reporting,93704,,26186988,Yes,Closed with explanation,Web,"TRANSUNION INTERMEDIATE HOLDINGS, INC.",2026-08-31T23:55:54.000Z,CA,Company has responded to the consumer and the CFPB and chooses not to provide a public response,Reporting company used your report improperly
Credit reporting or other personal consumer reports,2026-08-31T23:56:15.000Z,Improper use of your report,Credit reporting,10466,,26186987,Yes,Closed with explanation,Web,"TRANSUNION INTERMEDIATE HOLDINGS, INC.",2026-08-31T23:55:52.000Z,NY,Company has responded to the consumer and the CFPB and chooses not to provide a public response,Reporting company used your report improperly
Credit reporting or other personal consumer reports,2026-08-31T23:56:14.000Z,Improper use of your report,Credit reporting,10466,,26186986,Yes,In progress,Web,Experian Information Solutions Inc.,2026-08-31T23:55:52.000Z,NY,,Reporting company used your report improperly
Credit reporting or other personal consumer reports,2026-08-31T23:56:08.000Z,Improper use of your report,Credit reporting,34667,,26186983,Yes,Closed with explanation,Web,"TRANSUNION INTERMEDIATE HOLDINGS, INC.",2026-08-31T23:55:48.000Z,FL,Company has responded to the consumer and the CFPB and chooses not to provide a public response,Reporting company used your report improperly
Credit reporting or other personal consumer reports,2026-08-31T23:56:08.000Z,Improper use of your report,Credit reporting,34667,,26186982,Yes,In progress,Web,Experian Information Solutions Inc.,2026-08-31T23:55:48.000Z,FL,,Reporting company used your report improperly
Credit reporting or other personal consumer reports,2026-09-01T00:00:51.000Z,Incorrect information on your report,Credit reporting,78416,,26187230,Yes,Closed with explanation,Web,"EQUIFAX, INC.",2026-08-31T23:55:46.000Z,TX,,Information belongs to someone else
Credit reporting or other personal consumer reports,2026-08-31T23:57:59.000Z,Incorrect information on your report,Credit reporting,20120,,26187063,Yes,Closed with non-monetary relief,Web,LEXISNEXIS,2026-08-31T23:55:36.000Z,VA,,Information belongs to someone else
Credit reporting or other personal consumer reports,2026-08-31T23:55:59.000Z,Incorrect information on your report,Credit reporting,30349,,26186979,Yes,In progress,Web,"TRANSUNION INTERMEDIATE HOLDINGS, INC.",2026-08-31T23:55:36.000Z,GA,,Account information incorrect
Credit reporting or other personal consumer reports,2026-08-31T23:56:01.000Z,Incorrect information on your report,Credit reporting,30349,,26186978,Yes,Closed with non-monetary relief,Web,"EQUIFAX, INC.",2026-08-31T23:55:36.000Z,GA,,Account information incorrect
Credit reporting or other personal consumer reports,2026-08-31T23:59:10.000Z,Problem with a company's investigation into an existing problem,Credit reporting,70605,,26187156,Yes,In progress,Web,"TRANSUNION INTERMEDIATE HOLDINGS, INC.",2026-08-31T23:55:33.000Z,LA,,Investigation took more than 30 days
Credit reporting or other personal consumer reports,2026-08-31T23:58:30.000Z,Incorrect information on your report,Credit reporting,96701,,26187108,Yes,Closed with non-monetary relief,Web,"EQUIFAX, INC.",2026-08-31T23:55:33.000Z,HI,,Personal information incorrect
Credit reporting or other personal consumer reports,2026-08-31T23:57:30.000Z,Incorrect information on your report,Credit reporting,33157,,26187041,Yes,In progress,Web,"TRANSUNION INTERMEDIATE HOLDINGS, INC.",2026-08-31T23:55:31.000Z,FL,,Personal information incorrect
Credit reporting or other personal consumer reports,2026-09-01T00:02:18.000Z,Incorrect information on your report,Credit reporting,77489,,26187278,Yes,Closed with explanation,Web,"EQUIFAX, INC.",2026-08-31T23:55:29.000Z,TX,,Information belongs to someone else
Credit reporting or other personal consumer reports,2026-08-31T23:58:18.000Z,Incorrect information on your report,Credit reporting,92345,,26187107,Yes,In progress,Web,"TRANSUNION INTERMEDIATE HOLDINGS, INC.",2026-08-31T23:55:28.000Z,CA,,Public record information inaccurate
Credit reporting or other personal consumer reports,2026-08-31T23:55:47.000Z,Problem with a company's investigation into an existing problem,Credit reporting,02128,,26186976,Yes,Closed with explanation,Web,"TRANSUNION INTERMEDIATE HOLDINGS, INC.",2026-08-31T23:55:25.000Z,MA,Company has responded to the consumer and the CFPB and chooses not to provide a public response,Investigation took more than 30 days
Credit reporting or other personal consumer reports,2026-08-31T23:55:47.000Z,Problem with a company's investigation into an existing problem,Credit reporting,02128,,26186975,Yes,In progress,Web,Experian Information Solutions Inc.,2026-08-31T23:55:25.000Z,MA,,Investigation took more than 30 days
